playerId,skaterFullName,draft_year,draft_ovr,rookie_season,age,pred_ppg,ppg_rookie
8445017,Shawn Antoski,1990.0,18.0,19931994,23.520876112251884,0.204905,0.05454545454545454
8445202,Jamie Baker,,300.0,19901991,24.084873374401095,0.3924184,0.1111111111111111
8445413,Drake Berehowsky,1990.0,10.0,19921993,20.744695414099933,0.3035133,0.4634146341463415
8445575,Peter Bondra,1990.0,156.0,19901991,22.647501711156742,0.41602013,0.5185185185185185
8445738,Francis Breault,,300.0,19901991,23.392197125256672,0.5212532,0.29411764705882354
8446415,Gilbert Dionne,1990.0,81.0,19911992,21.032169746748803,0.3890569,0.8717948717948718
8447247,Alexander Godynyuk,1990.0,115.0,19901991,20.67624914442163,0.30292964,0.16666666666666666
8447383,Mark Greig,1990.0,15.0,19911992,21.68104038329911,0.4351474,0.29411764705882354
8448208,Jaromir Jagr,1990.0,5.0,19901991,18.625598904859686,0.5254261,0.7125
8448422,Jarmo Kekalainen,,300.0,19901991,24.246406570841888,0.52232707,0.1875
8448547,Dale Kushner,,300.0,19901991,24.301163586584533,0.32595718,0.2857142857142857
8448676,Jeff Lazaro,,300.0,19901991,22.529774127310063,0.26681352,0.3673469387755102
8449401,Michael McNeil,,300.0,19901991,24.194387405886378,0.6176533,0.2972972972972973
8449807,Petr Nedved,1990.0,2.0,19901991,18.811772758384667,0.5619675,0.26229508196721313
8449895,Owen Nolan,1990.0,1.0,19901991,18.633812457221083,0.56188256,0.22033898305084745
8449961,Gino Odjick,1990.0,86.0,19901991,20.06570841889117,0.20313857,0.17777777777777778
8450197,Gregory Parks,,300.0,19901991,23.520876112251884,0.5094802,0.15
8450550,Keith Primeau,1990.0,3.0,19901991,18.85284052019165,0.5282425,0.25862068965517243
8450817,Mike Ricci,1990.0,4.0,19901991,18.92950034223135,0.5160872,0.6029411764705882
8451381,Martin Simard,,300.0,19901991,24.681724845995895,0.5017711,0.125
8451954,Graeme Townshend,,300.0,19901991,24.93908281998631,0.22967172,0.3888888888888889
8455413,Mika Alatalo,1990.0,203.0,19992000,28.306639288158795,0.263011,0.32926829268292684
8455653,Brad Bombardir,1990.0,56.0,19971998,25.4072553045859,0.1646406,0.13953488372093023
8455752,Viacheslav Butsayev,1990.0,109.0,19921993,22.302532511978097,0.39202362,0.3076923076923077
8455875,Enrico Ciccone,1990.0,92.0,19921993,22.477754962354553,0.23012815,0.03225806451612903
8455919,Craig Conroy,1990.0,123.0,19961997,25.075975359342916,0.3804628,0.2786885245901639
8456008,Kimbi Daniels,1990.0,44.0,19911992,19.698836413415467,0.45676658,0.08
8456080,Paul Di Pietro,1990.0,102.0,19911992,21.062286105407257,0.46394736,0.30303030303030304
8456121,Steve Dubinsky,1990.0,226.0,19931994,23.23066392881588,0.437385,0.2962962962962963
8456149,Karl Dykhuis,1990.0,16.0,19941995,22.23134839151266,0.23637849,0.24242424242424243
8456150,Joe Dziedzic,1990.0,61.0,19951996,23.786447638603697,0.4215263,0.14492753623188406
8456401,Viktor Gordiouk,1990.0,142.0,19921993,22.47501711156742,0.5018763,0.5625
8456455,John Gruden,1990.0,168.0,19941995,24.32580424366872,0.24459973,0.15789473684210525
8456514,David Harlock,1990.0,24.0,19981999,27.54551676933607,0.16050193,0.11428571428571428
8456531,Derian Hatcher,1990.0,8.0,19911992,19.32375085557837,0.28455618,0.27906976744186046
8456567,Darby Hendrickson,1990.0,73.0,19951996,23.091033538672143,0.29892302,0.27419354838709675
8456602,Todd Hlushko,1990.0,240.0,19961997,26.647501711156742,0.30184227,0.3103448275862069
8456729,Craig Johnson,1990.0,33.0,19941995,22.537987679671456,0.4944243,0.4
8456793,Alexander Karpovtsev,1990.0,158.0,19931994,23.485284052019164,0.26654488,0.26865671641791045
8456850,Ken Klee,1990.0,177.0,19941995,23.43874058863792,0.16257353,0.17391304347826086
8456857,Espen Knutsen,1990.0,204.0,19971998,25.71937029431896,0.5861336,0.15789473684210525
8456874,Dan Kordic,1990.0,88.0,19911992,20.45448323066393,0.15569395,0.08695652173913043
8456882,Andrei Kovalenko,1990.0,148.0,19921993,22.31895961670089,0.44226554,0.8395061728395061
8456887,Vyacheslav Kozlov,1990.0,45.0,19921993,20.413415468856947,0.4661238,0.29411764705882354
8456903,Paul Kruse,1990.0,83.0,19911992,21.54688569472964,0.38543203,0.25
8456933,Eric Lacroix,1990.0,136.0,19941995,23.21423682409309,0.25419322,0.35555555555555557
8456966,Robert Lang,1990.0,133.0,19931994,22.784394250513348,0.30898005,0.59375
8457061,Scott Levins,1990.0,75.0,19931994,23.668720054757017,0.3999458,0.3064516129032258
8457193,Stewart Malgunas,1990.0,66.0,19931994,23.446954140999317,0.21955189,0.05970149253731343
8457194,Dean Malkoc,1990.0,95.0,19951996,25.678302532511978,0.29725707,0.04878048780487805
8457228,Craig Martin,1990.0,98.0,19941995,23.693360711841205,0.2564139,0.05
8457261,Brad May,1990.0,14.0,19911992,19.838466803559207,0.46268728,0.2463768115942029
8457264,Chris McAlpine,1990.0,137.0,19941995,22.833675564681723,0.2463599,0.125
8457403,Jaroslav Modry,1990.0,179.0,19931994,22.5927446954141,0.2678127,0.4146341463414634
8457421,Ian Moran,1990.0,107.0,19951996,23.10198494182067,0.33340067,0.0392156862745098
8457491,Sergei Nemchinov,1990.0,244.0,19911992,27.71252566735113,0.53041923,0.7945205479452054
8457511,Jeff Nielsen,1990.0,69.0,19971998,26.031485284052017,0.26639676,0.28125
8457685,Dan Plante,1990.0,48.0,19951996,23.98904859685147,0.42782754,0.1095890410958904
8457783,Todd Reirden,1990.0,242.0,19981999,27.26899383983573,0.23909844,0.29411764705882354
8457785,Mikael Renberg,1990.0,40.0,19931994,21.4072553045859,0.41769937,0.9879518072289156
8457921,Geoff Sanderson,1990.0,36.0,19911992,19.66324435318275,0.3937693,0.484375
8458031,Chris Simon,1990.0,25.0,19921993,20.670773442847366,0.38367707,0.125
8458048,John Slaney,1990.0,9.0,19931994,21.648186173853524,0.40826643,0.3404255319148936
8458052,Jiri Slegr,1990.0,23.0,19921993,21.34154688569473,0.31566557,0.6341463414634146
8458058,Richard Smehlik,1990.0,97.0,19921993,22.688569472963724,0.20984058,0.3875
8458069,Bryan Smolinski,1990.0,21.0,19931994,21.763175906913073,0.4280264,0.6144578313253012
8458125,Turner Stevenson,1990.0,12.0,19941995,22.3709787816564,0.27759114,0.17073170731707318
8458126,Cameron Stewart,1990.0,63.0,19931994,22.036960985626283,0.43632147,0.15789473684210525
8458172,Darryl Sydor,1990.0,7.0,19911992,19.38398357289528,0.50664645,0.3333333333333333
8458179,Chris Tamer,1990.0,68.0,19941995,23.871321013004792,0.23564976,0.05555555555555555
8458183,Patrice Tardif,1990.0,54.0,19941995,23.920602327173167,0.26945096,0.48148148148148145
8458185,Chris Taylor,1990.0,27.0,19981999,26.570841889117045,0.4079173,0.21621621621621623
8458202,Chris Therien,1990.0,47.0,19941995,22.798083504449007,0.2776375,0.2708333333333333
8458229,Keith Tkachuk,1990.0,19.0,19911992,19.509924709103355,0.34643018,0.47058823529411764
8458361,Doug Weight,1990.0,34.0,19911992,20.692676249144423,0.442422,0.5660377358490566
8458468,Jason York,1990.0,129.0,19941995,24.366872005475702,0.34376156,0.44
8458483,Valeri Zelepukin,1990.0,221.0,19911992,23.0362765229295,0.48238614,0.7045454545454546
8458487,Alexei Zhamnov,1990.0,77.0,19921993,22.001368925393567,0.49021205,1.0588235294117647
8458494,Sergei Zubov,1990.0,85.0,19921993,22.195756331279945,0.30984086,0.6326530612244898
8445775,Marc Bureau,,300.0,19911992,25.36892539356605,0.46678987,0.21739130434782608
8446225,Louis Crawford,,300.0,19911992,28.903490759753595,0.2964689,0.15789473684210525
8446970,Mark Freer,,300.0,19911992,23.21423682409309,0.34269923,0.26
8447756,Matthew Block,,300.0,19911992,25.377138945927445,0.24010667,0.0625
8449677,Michel Mongeau,,300.0,19911992,26.639288158795345,0.50615656,0.4166666666666667
8450890,Mario Roberge,,300.0,19911992,27.682409308692677,0.31897184,0.15
8455911,Michael Colman,,300.0,19911992,23.156741957563312,0.311608,0.06666666666666667
8455920,John Conroy,,300.0,19911992,25.702943189596166,0.3683337,0.3548387096774194
8457069,Chris Lindberg,,300.0,19911992,24.459958932238195,0.58433324,0.4117647058823529
8457566,Jeff Odgers,,300.0,19911992,22.33538672142368,0.56281203,0.18032786885245902
8458507,Peter Ahola,,300.0,19911992,23.381245722108144,0.3025095,0.2676056338028169
8458515,Eric Lindros,1991.0,1.0,19921993,19.589322381930184,0.6994583,1.2295081967213115
8458516,Pat Falloon,1991.0,2.0,19911992,19.02258726899384,0.51972914,0.7468354430379747
8458517,Scott Niedermayer,1991.0,3.0,19921993,19.085557837097877,0.40541938,0.5
8458518,Scott Lachance,1991.0,4.0,19911992,18.940451745379878,0.35995537,0.29411764705882354
8458519,Aaron Ward,1991.0,5.0,19961997,23.704312114989733,0.21599123,0.14285714285714285
8458520,Peter Forsberg,1991.0,6.0,19941995,21.19917864476386,0.5293088,1.0638297872340425
8458521,Alek Stojanov,1991.0,7.0,19951996,22.43394934976044,0.2763004,0.029411764705882353
8458522,Richard Matvichuk,1991.0,8.0,19921993,19.652292950034223,0.286273,0.09433962264150944
8458523,Patrick Poulin,1991.0,9.0,19921993,19.44147843942505,0.5324984,0.6296296296296297
8458524,Martin Lapointe,1991.0,10.0,19931994,20.05201916495551,0.59467703,0.32
8458525,Brian Rolston,1991.0,11.0,19941995,21.607118412046542,0.34850267,0.45
8458526,Tyler Wright,1991.0,12.0,19951996,22.48596851471595,0.28841698,0.043478260869565216
8458527,Philippe Boucher,1991.0,13.0,19921993,19.523613963039015,0.28948975,0.2222222222222222
8458528,Pat Peake,1991.0,14.0,19931994,20.344969199178646,0.65105206,0.5918367346938775
8458529,Alex Kovalev,1991.0,15.0,19921993,19.600273785078713,0.52777183,0.5846153846153846
8458530,Markus Naslund,1991.0,16.0,19931994,20.17248459958932,0.47547886,0.15492957746478872
8458532,Glen Murray,1991.0,18.0,19921993,19.915126625598905,0.4319723,0.25925925925925924
8458534,Martin Rucinsky,1991.0,20.0,19921993,21.560574948665298,0.3534069,0.6233766233766234
8458535,Trevor Halverson,1991.0,21.0,19981999,27.488021902806295,0.29202965,0.23529411764705882
8458536,Dean McAmmond,1991.0,22.0,19931994,20.295687885010267,0.4248415,0.6
8458537,Ray Whitney,1991.0,23.0,19921993,20.399726214921287,0.4731124,0.38461538461538464
8458538,Rene Corbet,1991.0,24.0,19951996,22.26694045174538,0.42312893,0.2727272727272727
8458540,Ziggy Palffy,1991.0,26.0,19941995,22.406570841889117,0.4731124,0.5151515151515151
8458541,Steve Staios,1991.0,27.0,19961997,23.17864476386037,0.20834747,0.2698412698412698
8458542,Jim Campbell,1991.0,28.0,19951996,22.65571526351814,0.33612314,0.3125
8458543,Jassen Cullimore,1991.0,29.0,19941995,21.82340862422998,0.27684072,0.08823529411764706
8458544,Sandis Ozolinsh,1991.0,30.0,19921993,20.161533196440793,0.335883,0.6216216216216216
8458546,Jamie Pushor,1991.0,32.0,19961997,23.63586584531143,0.21870513,0.14666666666666667
8458549,Jason Dawe,1991.0,35.0,19931994,20.34223134839151,0.44345212,0.40625
8458550,Jeff Nelson,1991.0,36.0,19951996,22.784394250513348,0.42665368,0.21212121212121213
8458552,Rusty Fitzgerald,1991.0,38.0,19951996,22.989733059548254,0.34043804,0.14285714285714285
8458554,Jozef Stumpel,1991.0,40.0,19931994,21.19917864476386,0.50425524,0.3898305084745763
8458557,Craig Darby,1991.0,43.0,19992000,27.01163586584531,0.3834281,0.2236842105263158
8458559,Dody Wood,1991.0,45.0,19951996,23.537303216974674,0.4184239,0.28125
8458560,Rich Brennan,1991.0,46.0,19981999,25.845311430527037,0.28123796,0.16666666666666666
8458561,Yanic Perreault,1991.0,47.0,19941995,23.49349760438056,0.5801753,0.2692307692307692
8458563,Dmitri Filimonov,1991.0,49.0,19931994,21.965776865160848,0.33372745,0.16666666666666666
8458564,Yanick Dupre,1991.0,50.0,19941995,21.861738535249827,0.39456636,0.0
8458565,Sean Pronger,1991.0,51.0,19961997,23.835728952772072,0.2777881,0.358974358974359
8458566,Sandy McCarthy,1991.0,52.0,19931994,21.295003422313485,0.44270954,0.12658227848101267
8458572,Steve Konowalchuk,1991.0,58.0,19921993,19.887748117727583,0.41322267,0.3055555555555556
8458573,Michael Nylander,1991.0,59.0,19921993,19.994524298425734,0.47669134,0.559322033898305
8458575,Yves Sarault,1991.0,61.0,19951996,22.770704996577688,0.3480087,0.12
8458579,Nathan LaFayette,1991.0,65.0,19931994,20.618754277891856,0.41171157,0.14285714285714285
8458582,Dave Karpa,1991.0,68.0,19931994,22.403832991101986,0.25346127,0.2833333333333333
8458585,Igor Kravchuk,1991.0,71.0,19911992,25.048596851471594,0.35289437,0.5
8458587,Vladimir Vujtek,1991.0,73.0,19921993,20.621492128678987,0.43020338,0.36666666666666664
8458589,Jim Storm,1991.0,75.0,19931994,22.652977412731005,0.42659977,0.23529411764705882
8458590,Mike Knuble,1991.0,76.0,19971998,25.242984257357975,0.37763983,0.24528301886792453
8458595,Alexei Zhitnik,1991.0,81.0,19921993,19.975359342915812,0.40382564,0.6153846153846154
8458600,Aris Brimanis,1991.0,86.0,19951996,23.548254620123203,0.2604426,0.11764705882352941
8458605,Juha Ylonen,1991.0,91.0,19971998,25.631759069130734,0.40502778,0.21818181818181817
8458609,Dan Kesa,1991.0,95.0,19931994,21.856262833675565,0.35212332,0.3157894736842105
8458611,Mike Kennedy,1991.0,97.0,19941995,22.466803559206024,0.5208898,0.4090909090909091
8458613,Yan Kaminsky,1991.0,99.0,19931994,22.17932922655715,0.5265646,0.125
8458616,Alexei Kudashov,1991.0,102.0,19931994,22.198494182067076,0.5167219,0.04
8458617,Bill Lindsay,1991.0,103.0,19911992,20.3750855578371,0.41120595,0.2608695652173913
8458620,Mariusz Czerkawski,1991.0,106.0,19941995,22.466803559206024,0.43285665,0.5531914893617021
8458628,Rob Valicevic,1991.0,114.0,19981999,27.734428473648187,0.4901669,0.3157894736842105
8458631,Jevgeni Namestnikov,1991.0,117.0,19931994,21.97946611909651,0.38909265,0.29411764705882354
8458632,Mark Lawrence,1991.0,118.0,19981999,26.677618069815196,0.36440387,0.5
8458636,Dmitry Yushkevich,1991.0,122.0,19921993,20.867898699520875,0.39189982,0.3902439024390244
8458637,Sean O'Donnell,1991.0,123.0,19941995,22.967830253251197,0.22146103,0.13333333333333333
8458638,Brian Holzinger,1991.0,124.0,19951996,22.973305954825463,0.45749837,0.3448275862068966
8458641,Oleg Petrov,1991.0,127.0,19931994,22.455852156057496,0.44629055,0.4909090909090909
8458645,Bruce Gardiner,1991.0,131.0,19961997,24.637919233401778,0.3090378,0.31343283582089554
8458649,Martin Prochazka,1991.0,135.0,19971998,25.579739904175224,0.44139713,0.20689655172413793
8458650,Andreas Johansson,1991.0,136.0,19961997,23.370294318959616,0.24374145,0.30952380952380953
8458652,Andrei Lomakin,1991.0,138.0,19911992,27.49349760438056,0.56234384,0.5263157894736842
8458658,David Oliver,1991.0,144.0,19941995,23.457905544147845,0.42743424,0.6818181818181818
8458659,Chris Snell,1991.0,145.0,19941995,23.38945927446954,0.4248443,0.28125
8458662,Ed Patterson,1991.0,148.0,19931994,20.878850102669404,0.4667022,0.14814814814814814
8458666,Kelly Fairchild,1991.0,152.0,19961997,23.479808350444902,0.42433134,0.09090909090909091
8458672,Dmitri Mironov,1991.0,160.0,19921993,26.767967145790553,0.2895261,0.5254237288135594
8458682,Brian Savage,1991.0,171.0,19941995,23.600273785078713,0.5439983,0.5135135135135135
8458705,Scott Fraser,1991.0,193.0,19971998,25.412731006160165,0.41786912,0.7931034482758621
8458711,Dale Craigwell,1991.0,199.0,19911992,20.438056125941138,0.4336884,0.5
8458715,Igor Ulanov,1991.0,203.0,19911992,21.998631074606433,0.30453667,0.4074074074074074
8458734,Doug Friedman,1991.0,222.0,19971998,26.083504449007528,0.3015158,0.0
8458805,Janne Laukkanen,1991.0,156.0,19951996,25.53593429158111,0.31043625,0.13043478260869565
8445335,Robin Bawa,,300.0,19921993,26.275154004106778,0.37956867,0.11904761904761904
8445659,Philippe Bozon,,300.0,19921993,25.83709787816564,0.4786095,0.2222222222222222
8451089,Warren Rychel,,300.0,19921993,25.39082819986311,0.32362705,0.18571428571428572
8455506,Darren Banks,,300.0,19921993,26.373716632443532,0.48499137,0.1875
8455564,Jesse Belanger,,300.0,19921993,23.29637234770705,0.4583117,0.3157894736842105
8455949,Edward Courtenay,,300.0,19921993,24.66255989048597,0.48499137,0.5128205128205128
8456669,Mike Hurlbut,,300.0,19921993,25.984941820670773,0.30257556,0.391304347826087
8457803,Stephane Richer,,300.0,19921993,26.442162902121833,0.33112517,0.20833333333333334
8458020,Gary Shuchuk,,300.0,19921993,25.620807665982205,0.46182466,0.24
8458469,C.J. Young,,300.0,19921993,24.750171115674195,0.60344744,0.32558139534883723
8458775,Steven King,,300.0,19921993,23.195071868583163,0.33987373,0.5
8458879,Chris Lipuma,,300.0,19921993,21.527720739219713,0.29310125,0.3333333333333333
8458909,Dimitri Kvartalnov,1992.0,16.0,19921993,26.521560574948666,0.6188558,0.9863013698630136
8458938,Roman Hamrlik,1992.0,1.0,19921993,18.472279260780287,0.26378787,0.31343283582089554
8458939,Alexei Yashin,1992.0,2.0,19931994,19.904175222450377,0.6830867,0.9518072289156626
8458940,Mike Rathje,1992.0,3.0,19931994,19.392197125256672,0.30140898,0.2127659574468085
8458941,Todd Warriner,1992.0,4.0,19951996,21.741273100616016,0.27475515,0.2631578947368421
8458942,Darius Kasparaitis,1992.0,5.0,19921993,19.958932238193018,0.5792952,0.26582278481012656
8458943,Cory Stillman,1992.0,6.0,19951996,21.779603011635867,0.48702276,0.47297297297297297
8458945,Brandon Convery,1992.0,8.0,19961997,22.65571526351814,0.3150269,0.2564102564102564
8458946,Robert Petrovicky,1992.0,9.0,19921993,18.93223819301848,0.5099621,0.21428571428571427
8458947,Andrei Nazarov,1992.0,10.0,19941995,20.361396303901437,0.47811398,0.3076923076923077
8458948,David Cooper,1992.0,11.0,19961997,22.913073237508556,0.26067358,0.3157894736842105
8458949,Sergei Krivokrasov,1992.0,12.0,19941995,20.462696783025326,0.47886142,0.4634146341463415
8458950,Joe Hulbig,1992.0,13.0,19971998,24.005475701574266,0.2725201,0.23529411764705882
8458951,Sergei Gonchar,1992.0,14.0,19941995,20.468172484599588,0.3507789,0.22580645161290322
8458952,Jason Bowen,1992.0,15.0,19931994,19.89322381930185,0.22460426,0.10714285714285714
8458953,Sergei Bautin,1992.0,17.0,19921993,25.560574948665298,0.3816242,0.323943661971831
8458954,Jason Smith,1992.0,18.0,19931994,19.912388774811774,0.28471464,0.12195121951219512
8458955,Martin Straka,1992.0,19.0,19921993,20.076659822039698,0.43738624,0.38095238095238093
8458956,David Wilkie,1992.0,20.0,19951996,21.338809034907598,0.37237528,0.25
8458959,Grant Marshall,1992.0,23.0,19951996,22.310746064339494,0.40771157,0.4
8458960,Peter Ferraro,1992.0,24.0,19971998,24.684462696783026,0.39350638,0.23333333333333334
8458962,Drew Bannister,1992.0,26.0,19961997,22.480492813141684,0.2817536,0.27692307692307694
8458963,Boris Mironov,1992.0,27.0,19931994,21.530458590006845,0.3176699,0.3924050632911392
8458965,Tuomas Gronman,1992.0,29.0,19961997,22.529774127310063,0.26529247,0.0625
8458966,Chris O'Sullivan,1992.0,30.0,19961997,22.38193018480493,0.37636206,0.37037037037037035
8458969,Valeri Bure,1992.0,33.0,19941995,20.301163586584533,0.40797585,0.16666666666666666
8458972,Jeff Shantz,1992.0,36.0,19931994,19.975359342915812,0.28814894,0.3076923076923077
8458974,Igor Korolev,1992.0,38.0,19921993,22.069815195071868,0.49393645,0.36486486486486486
8458976,Michael Peca,1992.0,40.0,19941995,20.517453798767967,0.40288872,0.36363636363636365
8458978,Sergei Brylin,1992.0,42.0,19941995,20.71457905544148,0.50295573,0.5384615384615384
8458982,Darren McCarty,1992.0,46.0,19931994,21.50034223134839,0.26372817,0.3880597014925373
8458983,Andrei Nikolishin,1992.0,47.0,19941995,21.519507186858316,0.45407912,0.46153846153846156
8458984,Mattias Norstrom,1992.0,48.0,19951996,23.745379876796715,0.22679225,0.1111111111111111
8458986,Patrick Traverse,1992.0,50.0,19981999,24.550308008213552,0.2530041,0.21739130434782608
8458989,Stefan Ustorf,1992.0,53.0,19951996,21.741273100616016,0.42653766,0.3541666666666667
8458990,Mathias Johansson,1992.0,54.0,20022003,28.605065023956193,0.23306033,0.25862068965517243
8458991,Sergei Zholtok,1992.0,55.0,19931994,20.829568788501028,0.4267108,0.125
8458993,Jan Vopat,1992.0,57.0,19961997,23.529089664613277,0.35540563,0.2727272727272727
8458998,Vitali Karamnov,1992.0,62.0,19931994,25.23750855578371,0.40320325,0.3559322033898305
8459000,Vitali Prokhorov,1992.0,64.0,19921993,25.76865160848734,0.55146354,0.19230769230769232
8459001,Kirk Maltby,1992.0,65.0,19931994,20.774811772758383,0.38214344,0.27941176470588236
8459002,Cale Hulse,1992.0,66.0,19961997,22.8911704312115,0.29748526,0.1111111111111111
8459004,Craig Rivet,1992.0,68.0,19951996,21.048596851471594,0.2279825,0.2631578947368421
8459007,Martin Gendron,1992.0,71.0,19951996,21.623545516769337,0.4043748,0.15
8459008,Eric Cairns,1992.0,72.0,19961997,22.26420260095825,0.23047504,0.025
8459010,Aaron Gavey,1992.0,74.0,19951996,21.60438056125941,0.4538712,0.1643835616438356
8459013,Nikolai Borschevsky,1992.0,77.0,19921993,27.718001368925393,0.5478368,0.9487179487179487
8459014,Robert Svehla,1992.0,78.0,19951996,26.743326488706366,0.37972444,0.7037037037037037
8459015,Kevin Smyth,1992.0,79.0,19931994,19.857631759069132,0.27526,0.23809523809523808
8459019,Matthew Barnaby,1992.0,83.0,19931994,20.410677618069816,0.3888828,0.17142857142857143
8459020,Mark Visheau,1992.0,84.0,19981999,25.2621492128679,0.25058272,0.14285714285714285
8459021,Chris Ferraro,1992.0,85.0,19971998,24.684462696783026,0.4133423,0.15217391304347827
8459023,Kevin Brown,1992.0,87.0,19941995,20.39151266255989,0.44268632,0.21739130434782608
8459024,Jere Lehtinen,1992.0,88.0,19951996,22.269678302532512,0.44926906,0.49122807017543857
8459033,Brantt Myhres,1992.0,97.0,19941995,20.539356605065024,0.23679675,0.13333333333333333
8459035,Marcus Ragnarsson,1992.0,99.0,19951996,24.134154688569474,0.30472744,0.5492957746478874
8459038,Sami Helenius,1992.0,102.0,19992000,25.689253935660506,0.25000226,0.0
8459044,Yuri Khmylev,1992.0,108.0,19921993,28.145106091718002,0.5291688,0.5735294117647058
8459047,Jeff Shevalier,1992.0,111.0,19961997,22.55167693360712,0.42158726,0.5
8459053,Adrian Aucoin,1992.0,117.0,19951996,22.245037645448324,0.23891424,0.3673469387755102
8459059,Michal Sykora,1992.0,123.0,19931994,20.240930869267626,0.2502722,0.22727272727272727
8459064,Derek Armstrong,1992.0,128.0,19951996,22.439425051334702,0.4084418,0.21052631578947367
8459065,Joel Bouchard,1992.0,129.0,19961997,22.688569472963724,0.23827127,0.11842105263157894
8459071,Rem Murray,1992.0,135.0,19961997,23.978097193702943,0.39992735,0.3780487804878049
8459072,Grigori Panteleev,1992.0,136.0,19921993,19.871321013004792,0.49267212,0.358974358974359
8459074,Daniel Trebil,1992.0,138.0,19961997,22.477754962354553,0.31903964,0.20689655172413793
8459089,Ken Belanger,1992.0,153.0,19961997,22.38466803559206,0.3161502,0.1111111111111111
8459094,Ian Laperriere,1992.0,158.0,19941995,20.698151950718685,0.3958146,0.7297297297297297
8459109,Ryan Vandenbussche,1992.0,173.0,19971998,24.588637919233403,0.27572593,0.1
8459114,Juha Lind,1992.0,178.0,19971998,23.745379876796715,0.3916647,0.1282051282051282
8459122,Stephane Yelle,1992.0,186.0,19951996,21.39630390143737,0.4139509,0.38028169014084506
8459139,Todd Simon,1992.0,203.0,19931994,21.44558521560575,0.44536155,0.06666666666666667
8459141,Marko Tuomainen,1992.0,205.0,19992000,27.433264887063654,0.29345486,0.2698412698412698
8459144,Mattias Timander,1992.0,208.0,19961997,22.46132785763176,0.27187654,0.21951219512195122
8459146,Jeff Toms,1992.0,210.0,19961997,22.327173169062284,0.36928916,0.29411764705882354
8459156,Anson Carter,1992.0,220.0,19961997,22.321697467488022,0.3168757,0.47368421052631576
8459158,Jonas Hoglund,1992.0,222.0,19961997,24.09034907597536,0.4893029,0.5147058823529411
8459159,Chris Herperger,1992.0,223.0,20002001,26.600958247775495,0.41213143,0.4098360655737705
8459161,Steven Halko,1992.0,225.0,19971998,23.567419575633128,0.18802962,0.1111111111111111
8459173,Mark Wotton,1992.0,237.0,19961997,22.874743326488705,0.3146359,0.25
8459174,Dan McGillis,1992.0,238.0,19961997,24.251882272416154,0.28824824,0.3013698630136986
8459176,Vladimir Vorobiev,1992.0,240.0,19961997,23.99726214921287,0.48288813,0.625
8459178,Tomas Jelinek,1992.0,242.0,19921993,30.425735797399042,0.45664686,0.2653061224489796
8459181,Nathan Dempsey,1992.0,245.0,20002001,26.217659137577,0.2898624,0.4
8449399,William McDougall,,300.0,19931994,27.143052703627653,0.42768654,0.2727272727272727
8456647,Bill Huard,,300.0,19931994,26.272416153319643,0.21538693,0.06349206349206349
8457312,Mike McKee,,300.0,19931994,24.28747433264887,0.2628966,0.3125
8457318,Andrew McKim,,300.0,19931994,23.238877481177276,0.46338677,0.034482758620689655
8458234,David Tomlinson,,300.0,19931994,25.399041752224505,0.42674518,0.12903225806451613
8458508,Philip Crowe,,300.0,19931994,23.46611909650924,0.398398,0.06451612903225806
8459249,Darren Van Impe,1993.0,170.0,19951996,22.3709787816564,0.27520436,0.1875
8459363,Igor Chibirev,1993.0,266.0,19931994,25.451060917180012,0.56324255,0.40540540540540543
8459412,Jim Montgomery,,300.0,19931994,24.254620123203285,0.4969803,0.29850746268656714
8459423,Alexandre Daigle,1993.0,1.0,19931994,18.647501711156742,0.58585864,0.6071428571428571
8459424,Chris Pronger,1993.0,2.0,19931994,18.976043805612594,0.32875037,0.37037037037037035
8459425,Chris Gratton,1993.0,3.0,19931994,18.24229979466119,0.41637984,0.5
8459426,Paul Kariya,1993.0,4.0,19941995,19.958932238193018,0.72616065,0.8297872340425532
8459427,Rob Niedermayer,1993.0,5.0,19931994,18.759753593429156,0.40509173,0.4
8459428,Viktor Kozlov,1993.0,6.0,19941995,19.627652292950035,0.7160074,0.125
8459429,Jason Arnott,1993.0,7.0,19931994,18.973305954825463,0.4087108,0.8717948717948718
8459430,Niklas Sundstrom,1993.0,8.0,19951996,20.320328542094455,0.44200784,0.25609756097560976
8459431,Todd Harvey,1993.0,9.0,19941995,19.619438740588638,0.41073355,0.5
8459433,Brendan Witt,1993.0,11.0,19951996,20.61054072553046,0.31897706,0.10416666666666667
8459434,Kenny Jonsson,1993.0,12.0,19941995,19.98631074606434,0.37820417,0.23076923076923078
8459435,Denis Pederson,1993.0,13.0,19961997,21.059548254620122,0.40021032,0.45714285714285713
8459436,Adam Deadmarsh,1993.0,14.0,19941995,19.394934976043807,0.42378876,0.3541666666666667
8459437,Mats Lindgren,1993.0,15.0,19961997,22.001368925393567,0.551101,0.36231884057971014
8459439,Jason Allison,1993.0,17.0,19951996,20.34223134839151,0.4683209,0.15789473684210525
8459441,Landon Wilson,1993.0,19.0,19961997,21.555099247091032,0.33563733,0.40816326530612246
8459442,Saku Koivu,1993.0,21.0,19951996,20.854209445585216,0.53768104,0.5487804878048781
8459443,Anders Eriksson,1993.0,22.0,19961997,21.727583846680357,0.28606534,0.2608695652173913
8459444,Todd Bertuzzi,1993.0,23.0,19951996,20.659822039698838,0.33799788,0.5131578947368421
8459446,Kevyn Adams,1993.0,25.0,19992000,24.980150581793293,0.23395956,0.25
8459448,Mike Wilson,1993.0,20.0,19951996,20.594113620807665,0.18244556,0.20689655172413793
8459449,Radim Bicanek,1993.0,27.0,19961997,21.702943189596166,0.19163671,0.047619047619047616
8459450,Shean Donovan,1993.0,28.0,19951996,20.689938398357288,0.36468452,0.28378378378378377
8459452,Nikolai Tsulygin,1993.0,30.0,19961997,21.34428473648186,0.18161424,0.045454545454545456
8459454,Jay Pandolfo,1993.0,32.0,19961997,21.763175906913073,0.40206283,0.30434782608695654
8459455,David Vyborny,1993.0,33.0,20002001,25.691991786447637,0.32548997,0.4050632911392405
8459457,Jamie Langenbrunner,1993.0,35.0,19961997,21.190965092402465,0.35107753,0.5131578947368421
8459458,Janne Niinimaa,1993.0,36.0,19961997,21.363449691991786,0.25199047,0.5714285714285714
8459460,Denis Tsygurov,1993.0,38.0,19941995,23.59479808350445,0.24074052,0.0
8459461,Brendan Morrison,1993.0,39.0,19981999,23.129363449691994,0.3725643,0.6052631578947368
8459462,Bryan McCabe,1993.0,40.0,19951996,20.314852840520192,0.21809259,0.2804878048780488
8459466,Jamie Allison,1993.0,44.0,19961997,21.388090349075977,0.18158175,0.0
8459467,Vlastimil Kroupa,1993.0,45.0,19931994,18.431211498973305,0.3331844,0.14814814814814814
8459469,Rory Fitzpatrick,1993.0,47.0,19951996,20.720054757015742,0.21213713,0.047619047619047616
8459472,Eric Manlow,1993.0,50.0,20032004,28.484599589322382,0.3406493,0.1111111111111111
8459474,Domenic Pittis,1993.0,52.0,20002001,26.001368925393567,0.30795267,0.19148936170212766
8459477,Valeri Karpov,1993.0,56.0,19941995,23.156741957563312,0.4840023,0.36666666666666664
8459479,Ville Peltonen,1993.0,58.0,19951996,22.354551676933607,0.37332475,0.41935483870967744
8459482,Maxim Galanov,1993.0,61.0,19981999,24.553045859000683,0.20649795,0.13725490196078433
8459483,Dave Roche,1993.0,62.0,19951996,20.301163586584533,0.3548037,0.19718309859154928
8459484,Jamie Rivers,1993.0,63.0,19961997,21.54688569472964,0.32979435,0.4666666666666667
8459486,Krzysztof Oliwa,1993.0,65.0,19971998,24.470910335386723,0.19658595,0.0684931506849315
8459487,Vladimir Chebaturkin,1993.0,66.0,19992000,24.44079397672827,0.14787944,0.11764705882352941
8459490,Patrick Boileau,1993.0,69.0,20022003,27.60574948665298,0.19610286,0.32
8459492,Vinny Prospal,1993.0,71.0,19961997,21.620807665982205,0.34542453,0.8333333333333334
8459493,Marek Malik,1993.0,72.0,19961997,21.27310061601643,0.16206916,0.1276595744680851
8459494,Sebastien Bordeleau,1993.0,73.0,19961997,21.626283367556468,0.38295057,0.39285714285714285
8459498,Milos Holan,1993.0,77.0,19941995,23.444216290212182,0.40658945,0.4
8459499,Steve Washburn,1993.0,78.0,19961997,21.478439425051334,0.3373313,0.5
8459514,Jamal Mayers,1993.0,89.0,19981999,23.93702943189596,0.25342596,0.2647058823529412
8459515,Eric Daze,1993.0,90.0,19951996,20.249144421629023,0.3150534,0.6625
8459521,Marty Murray,1993.0,96.0,19951996,20.621492128678987,0.3509034,0.4
8459522,John Jakopin,1993.0,97.0,19992000,24.37782340862423,0.14738315,0.0
8459527,Shawn Bates,1993.0,103.0,19981999,23.496235455167692,0.24553938,0.2727272727272727
8459534,Miroslav Satan,1993.0,111.0,19951996,20.941820670773442,0.6766738,0.5645161290322581
8459538,Nolan Pratt,1993.0,115.0,19971998,22.132785763175907,0.15384744,0.08695652173913043
8459545,John Emmons,1993.0,122.0,20002001,26.12457221081451,0.35872066,0.07547169811320754
8459546,Zdenek Nedved,1993.0,123.0,19961997,21.582477754962355,0.39274198,0.34782608695652173
8459547,Scott Walker,1993.0,124.0,19951996,22.20123203285421,0.30145535,0.19047619047619047
8459557,Antti Aalto,1993.0,134.0,19981999,23.578370978781656,0.20405537,0.1095890410958904
8459558,Alain Nasreddine,1993.0,135.0,19981999,23.227926078028748,0.2871512,0.0
8459562,Per Svartvadet,1993.0,139.0,19992000,24.3750855578371,0.28074422,0.18421052631578946
8459563,Mike Crowley,1993.0,140.0,19981999,23.24435318275154,0.33949032,0.25
8459568,Michal Grosek,1993.0,145.0,19941995,19.3347022587269,0.28169578,0.16666666666666666
8459569,Jere Karalahti,1993.0,146.0,19992000,24.520191649555098,0.2795426,0.3333333333333333
8459570,Frank Banham,1993.0,147.0,19971998,22.466803559206024,0.38653475,0.5238095238095238
8459571,Andreas Karlsson,1993.0,148.0,19992000,24.11772758384668,0.34982508,0.27450980392156865
8459574,Darcy Tucker,1993.0,151.0,19961997,21.54962354551677,0.37896588,0.273972602739726
8459587,Todd Marchant,1993.0,164.0,19941995,21.136208076659823,0.40495056,0.6
8459596,Andrew Brunette,1993.0,174.0,19961997,23.104722792607802,0.38919887,0.4782608695652174
8459602,David Ling,1993.0,179.0,20022003,27.72621492128679,0.30661058,0.14285714285714285
8459614,Paul Healey,1993.0,192.0,20012002,26.535249828884325,0.2892605,0.47619047619047616
8459615,Eric Boguniecki,1993.0,193.0,20022003,27.405886379192335,0.3661072,0.6125
8459628,Hal Gill,1993.0,207.0,19971998,22.48870636550308,0.18178582,0.08823529411764706
8459636,Brad Norton,1993.0,215.0,20012002,26.63107460643395,0.17533822,0.09090909090909091
8459640,Mike Grier,1993.0,219.0,19961997,21.738535249828885,0.3967943,0.4050632911392405
8459641,Barrie Moore,1993.0,220.0,19961997,21.363449691991786,0.37026623,0.22857142857142856
8459645,Martin Strbak,1993.0,224.0,20032004,28.709103353867214,0.22559655,0.32653061224489793
8459648,Pavol Demitra,1993.0,227.0,19941995,19.838466803559207,0.43931,0.4375
8459670,Kimmo Timonen,1993.0,250.0,19981999,23.540041067761805,0.29004326,0.24
8459672,German Titov,1993.0,252.0,19931994,27.958932238193018,0.396891,0.5921052631578947
8459674,Bert Robertsson,1993.0,254.0,19971998,23.255304585900067,0.141356,0.2
8459683,Ilya Byakin,1993.0,267.0,19931994,30.661190965092402,0.2940328,0.6363636363636364
8459687,Scott Nichol,1993.0,272.0,20012002,26.751540041067763,0.40582454,0.2833333333333333
8459690,Christer Olsson,1993.0,275.0,19951996,25.188227241615333,0.2516334,0.38461538461538464
8459700,Hans Jonsson,1993.0,286.0,19992000,26.16290212183436,0.21620373,0.20588235294117646
8451849,Chris Tancill,,300.0,19941995,26.647501711156742,0.43665293,0.5384615384615384
8455850,Denis Chasse,,300.0,19941995,24.646132785763175,0.4209932,0.3404255319148936
8458820,Rob Cowie,,300.0,19941995,26.910335386721425,0.41483077,0.28125
8458919,Oleg Mikulchik,,300.0,19941995,30.261464750171115,0.32033947,0.08
8458929,Cory Cross,,300.0,19941995,23.742642026009584,0.31592506,0.13953488372093023
8458996,Jeremy Stevenson,1994.0,262.0,19971998,23.17864476386037,0.3349857,0.17777777777777778
8459246,Donald Brashear,,300.0,19941995,22.732375085557837,0.41438642,0.1
8459284,Steve Rucchin,,300.0,19941995,23.24435318275154,0.45740333,0.3953488372093023
8459391,Darren Langdon,,300.0,19941995,23.72895277207392,0.20973691,0.1111111111111111
8459722,Fred Knipscheer,,300.0,19941995,25.075975359342916,0.31707594,0.25
8460004,Rumun Ndur,1994.0,69.0,19981999,23.236139630390145,0.3057427,0.10256410256410256
8460015,Sylvain Blouin,1994.0,104.0,20002001,26.365503080082135,0.26430428,0.12195121951219512
8460105,Radek Bonk,1994.0,3.0,19941995,18.72689938398357,0.64473873,0.2619047619047619
8460492,Ed Jovanovski,1994.0,1.0,19951996,19.263518138261464,0.29545778,0.3
8460493,Oleg Tverdovsky,1994.0,2.0,19941995,18.3709787816564,0.5298495,0.3333333333333333
8460494,Jason Bonsignore,1994.0,4.0,19951996,19.460643394934976,0.34636492,0.1
8460495,Jeff O'Neill,1994.0,5.0,19951996,19.603011635865844,0.44100386,0.4153846153846154
8460496,Ryan Smyth,1994.0,6.0,19951996,19.60848733744011,0.4339821,0.22916666666666666
8460498,Jason Wiemer,1994.0,8.0,19941995,18.46406570841889,0.3909839,0.1388888888888889
8460499,Brett Lindros,1994.0,9.0,19941995,18.830937713894592,0.27660322,0.12121212121212122
8460500,Nolan Baumgartner,1994.0,10.0,20052006,29.52498288843258,0.28168988,0.4857142857142857
8460501,Jeff Friesen,1994.0,11.0,19941995,18.154688569472963,0.43408892,0.5208333333333334
8460502,Wade Belak,1994.0,12.0,19981999,22.245037645448324,0.3987162,0.03225806451612903
8460503,Mattias Ohlund,1994.0,13.0,19971998,21.059548254620122,0.2963176,0.38961038961038963
8460504,Ethan Moreau,1994.0,14.0,19961997,21.026694045174537,0.39074564,0.3780487804878049
8460507,Wayne Primeau,1994.0,17.0,19961997,20.32580424366872,0.35295314,0.13333333333333333
8460508,Brad Brown,1994.0,18.0,19981999,22.76249144421629,0.2108751,0.12121212121212122
8460509,Chris Dingman,1994.0,19.0,19971998,21.23750855578371,0.21619686,0.08571428571428572
8460510,Jason Botterill,1994.0,20.0,19981999,22.368240930869266,0.37636903,0.0
8460513,Yan Golubovsky,1994.0,23.0,19981999,22.562628336755647,0.2108751,0.058823529411764705
8460514,Chris Wells,1994.0,24.0,19951996,19.88501026694045,0.3885892,0.07407407407407407
8460515,Vadim Sharifijanov,1994.0,25.0,19981999,22.77344284736482,0.30607265,0.5094339622641509
8460517,Rhett Warrener,1994.0,27.0,19951996,19.67693360711841,0.26320472,0.10714285714285714
8460518,Johan Davidsson,1994.0,28.0,19981999,22.73511293634497,0.4170803,0.125
8460520,Stan Neckar,1994.0,29.0,19941995,18.77618069815195,0.3619396,0.08333333333333333
8460521,Deron Quint,1994.0,30.0,19951996,19.55373032169747,0.38299003,0.35294117647058826
8460522,Jason Podollan,1994.0,31.0,19961997,20.618754277891856,0.31965125,0.1724137931034483
8460523,Mike Watt,1994.0,32.0,19981999,22.50239561943874,0.31067592,0.3333333333333333
8460524,Matt Johnson,1994.0,33.0,19961997,20.856947296372347,0.36544362,0.07692307692307693
8460526,Josef Marha,1994.0,35.0,19971998,21.3305954825462,0.40046948,0.782608695652174
8460527,Ryan Johnson,1994.0,36.0,19992000,23.29637234770705,0.3061067,0.225
8460529,Jason Holland,1994.0,38.0,20032004,27.419575633127995,0.24584399,0.11538461538461539
8460531,Jean-Yves Leroux,1994.0,40.0,19971998,21.270362765229294,0.37085885,0.19696969696969696
8460533,Dave Scatchard,1994.0,42.0,19971998,21.61259411362081,0.37140685,0.3157894736842105
8460534,Curtis Brown,1994.0,43.0,19961997,20.635181382614647,0.4090461,0.25
8460540,Mathieu Dandenault,1994.0,49.0,19951996,19.65776865160849,0.40573367,0.35294117647058826
8460541,Richard Park,1994.0,50.0,19951996,19.345653661875428,0.4134125,0.17857142857142858
8460542,Patrik Elias,1994.0,51.0,19961997,20.468172484599588,0.40184143,0.29411764705882354
8460545,Chris Murray,1994.0,54.0,19951996,20.933607118412045,0.26443222,0.14583333333333334
8460548,Sven Butenschon,1994.0,57.0,19981999,22.527036276522928,0.29269174,0.0
8460550,Tavis Hansen,1994.0,58.0,19981999,23.290896646132786,0.27003753,0.15
8460551,Vitali Yachmenev,1994.0,59.0,19951996,20.72826830937714,0.409777,0.6625
8460555,Jason Strudwick,1994.0,63.0,19971998,22.209445585215605,0.21398702,0.07142857142857142
8460556,Freddy Modin,1994.0,64.0,19961997,21.982203969883642,0.36579412,0.17105263157894737
8460560,Marko Kiprusoff,1994.0,70.0,19951996,23.318275154004105,0.34881583,0.16666666666666666
8460561,Sheldon Souray,1994.0,71.0,19971998,21.218343600273784,0.21619686,0.16666666666666666
8460562,Chris Drury,1994.0,72.0,19981999,22.11362080766598,0.40896007,0.5569620253164557
8460567,Chris Clark,1994.0,77.0,19992000,23.564681724845997,0.3165352,0.045454545454545456
8460573,Hnat Domenichelli,1994.0,83.0,19961997,20.621492128678987,0.42988506,0.2608695652173913
8460574,David Nemirovsky,1994.0,84.0,19961997,20.16700889801506,0.40896007,0.358974358974359
8460577,Milan Hejduk,1994.0,87.0,19981999,22.628336755646817,0.36836827,0.5853658536585366
8460579,Vaclav Varada,1994.0,89.0,19971998,21.43189596167009,0.39794964,0.4074074074074074
8460580,Brad Lukowich,1994.0,90.0,19992000,23.134839151266256,0.32810235,0.06666666666666667
8460582,Matthew Herr,1994.0,93.0,19981999,22.349075975359344,0.31471777,0.13333333333333333
8460587,Jamie Wright,1994.0,98.0,19971998,21.385352498288842,0.46123156,0.2857142857142857
8460588,Eric Nickulas,1994.0,99.0,19992000,24.520191649555098,0.3084936,0.55
8460594,Pavel Trnka,1994.0,106.0,19971998,21.180013689253936,0.22979368,0.14583333333333334
8460595,Nisse Ekman,1994.0,107.0,19992000,23.5564681724846,0.33770597,0.14285714285714285
8460596,Craig Mills,1994.0,108.0,19971998,21.09514031485284,0.39539498,0.15
8460603,Brian Swanson,1994.0,115.0,20002001,24.522929500342233,0.3936435,0.125
8460620,Bates Battaglia,1994.0,132.0,19971998,21.801505817932924,0.32270098,0.18181818181818182
8460621,Daniel Alfredsson,1994.0,133.0,19951996,22.803559206023273,0.4208769,0.7439024390243902
8460626,Bryce Salvador,1994.0,138.0,20002001,24.637919233401778,0.21198948,0.13333333333333333
8460628,Alexander Selivanov,1994.0,140.0,19941995,23.526351813826146,0.46937317,0.37209302325581395
8460629,Alexander Korolyuk,1994.0,141.0,19971998,21.711156741957563,0.41178343,0.2631578947368421
8460639,Andre Roy,1994.0,151.0,19992000,24.643394934976044,0.36078054,0.0958904109589041
8460649,Serge Aubin,1994.0,161.0,19992000,24.62422997946612,0.40438303,0.2
8460654,Colin Forbes,1994.0,166.0,19971998,21.623545516769337,0.358895,0.30158730158730157
8460660,Roman Vopat,1994.0,172.0,19951996,19.444216290212182,0.2818704,0.2
8460661,Shane Hnidy,1994.0,173.0,20002001,24.89801505817933,0.2748467,0.09615384615384616
8460663,Ladislav Kohn,1994.0,175.0,19981999,23.578370978781656,0.39189127,0.25
8460664,Steve Webb,1994.0,176.0,19961997,21.423682409308693,0.4571943,0.12195121951219512
8460707,Bill Muckalt,1994.0,221.0,19981999,24.213552361396303,0.4090461,0.4931506849315068
8460711,Craig Millar,1994.0,225.0,19981999,22.220396988364133,0.29264885,0.08333333333333333
8460713,Jorgen Jonsson,1994.0,227.0,19992000,27.003422313483917,0.4139372,0.38271604938271603
8460719,Steve Sullivan,1994.0,233.0,19951996,21.23750855578371,0.41544905,0.5625
8460720,Eric Boulton,1994.0,234.0,20002001,24.123203285420946,0.20979221,0.08571428571428572
8460733,Tyson Nash,1994.0,247.0,19992000,24.55852156057495,0.3067927,0.19696969696969696
8460735,Richard Zednik,1994.0,249.0,19971998,21.73579739904175,0.36179578,0.4
8460739,Mike Peluso,1994.0,253.0,20012002,27.080082135523615,0.3994005,0.16216216216216217
8460742,Sergei Berezin,1994.0,256.0,19961997,24.906228610540726,0.50900495,0.5616438356164384
8460743,Tomas Holmstrom,1994.0,257.0,19961997,23.68788501026694,0.3994565,0.19148936170212766
8460747,Per Gustafsson,1994.0,261.0,19961997,26.327173169062284,0.35222465,0.5
8460751,Ladislav Benysek,1994.0,266.0,20002001,25.52498288843258,0.2144624,0.09859154929577464
8460757,Dick Tarnstrom,1994.0,272.0,20012002,26.69678302532512,0.3105359,0.3064516129032258
8460759,Antti Tormanen,1994.0,274.0,19951996,25.032169746748803,0.3597275,0.3
8460763,Pavel Torgaev,1994.0,279.0,19951996,29.68104038329911,0.34311783,0.3902439024390244
8460770,Kim Johnsson,1994.0,286.0,19992000,23.54277891854894,0.29045892,0.27631578947368424
8456852,Jon Klemm,,300.0,19951996,25.727583846680357,0.16268559,0.26785714285714285
8458883,Rob Conn,,300.0,19951996,27.07460643394935,0.35472646,0.25
8458888,Denny Lambert,,300.0,19951996,25.730321697467488,0.3768655,0.24242424242424243
8459230,Trent McCleary,,300.0,19951996,23.06091718001369,0.31141758,0.18666666666666668
8459256,Alex Hicks,,300.0,19951996,26.072553045859,0.5714849,0.328125
8459305,Jean-Francois Jomphe,,300.0,19951996,22.757015742642025,0.49153236,0.45161290322580644
8459332,Barry Potomski,,300.0,19951996,22.850102669404517,0.45553195,0.15151515151515152
8459542,Larry Courville,1995.0,61.0,19961997,21.50034223134839,0.36303928,0.10526315789473684
8459567,Peter Leboutillier,1995.0,133.0,19961997,21.72210814510609,0.18188357,0.043478260869565216
8459748,Mark Kolesar,,300.0,19951996,22.68583162217659,0.24885741,0.19047619047619047
8460007,Michael Rucinski,1995.0,217.0,19981999,23.50718685831622,0.19512667,0.06666666666666667
8460239,Vladimir Tsyplakov,1995.0,59.0,19951996,26.45311430527036,0.50458765,0.43478260869565216
8460319,Clayton Beddoes,,300.0,19951996,24.889801505817932,0.30598316,0.1794871794871795
8460465,Petr Sykora,1995.0,18.0,19951996,18.863791923340177,0.4913028,0.6666666666666666
8460484,Steve Martins,,300.0,19951996,23.46611909650924,0.4191345,0.17391304347826086
8460846,Patrick Cote,1995.0,37.0,19981999,23.685147159479808,0.29649743,0.04285714285714286
8462032,Bryan Berard,1995.0,1.0,19961997,19.575633127994525,0.41820404,0.5853658536585366
8462033,Wade Redden,1995.0,2.0,19961997,19.304585900068446,0.30086023,0.36585365853658536
8462034,Aki Berg,1995.0,3.0,19951996,18.17659137577002,0.4126741,0.13725490196078433
8462035,Chad Kilger,1995.0,4.0,19951996,18.84188911704312,0.40454108,0.22972972972972974
8462036,Daymond Langkow,1995.0,5.0,19961997,20.01095140314853,0.4186144,0.35443037974683544
8462037,Steve Kelly,1995.0,6.0,19971998,20.930869267624914,0.3836977,0.11627906976744186
8462038,Shane Doan,1995.0,7.0,19951996,18.973305954825463,0.31604245,0.22972972972972974
8462040,Kyle McLaren,1995.0,9.0,19951996,18.286105407255306,0.23976272,0.22972972972972974
8462041,Radek Dvorak,1995.0,10.0,19951996,18.562628336755647,0.5013153,0.35064935064935066
8462042,Jarome Iginla,1995.0,11.0,19961997,19.252566735112936,0.44410688,0.6097560975609756
8462045,Jay McKee,1995.0,14.0,19961997,19.06365503080082,0.23656255,0.23255813953488372
8462049,Dimitri Nabokov,1995.0,19.0,19971998,20.739219712525667,0.39054865,0.44
8462050,Denis Gauthier,1995.0,20.0,19981999,21.998631074606433,0.17922781,0.12727272727272726
8462051,Sean Brown,1995.0,21.0,19971998,20.903490759753595,0.18944211,0.05555555555555555
8462054,Aleksey Morozov,1995.0,24.0,19971998,20.621492128678987,0.4342193,0.34210526315789475
8462056,Maxim Kuznetsov,1995.0,26.0,20002001,23.523613963039015,0.15719803,0.12
8462057,Marc Moro,1995.0,27.0,20012002,24.20807665982204,0.25121257,0.0
8462059,Mike McBain,1995.0,30.0,19971998,20.71731690622861,0.26025683,0.037037037037037035
8462060,Georges Laraque,1995.0,31.0,19981999,21.815195071868583,0.25396666,0.1282051282051282
8462061,Marc Chouinard,1995.0,32.0,20002001,23.405886379192335,0.22852772,0.1590909090909091
8462062,Donald MacLean,1995.0,33.0,19971998,20.711841204654345,0.26165783,0.3181818181818182
8462063,Jason Doig,1995.0,34.0,19951996,18.6694045174538,0.2532829,0.13333333333333333
8462067,Christian Dube,1995.0,39.0,19961997,19.43600273785079,0.42419028,0.07407407407407407
8462068,Chris McAllister,1995.0,40.0,19971998,22.2943189596167,0.1447345,0.08333333333333333
8462069,Denis Smith,1995.0,41.0,20022003,25.385352498288842,0.14465651,0.029411764705882353
8462071,Dwayne Hay,1995.0,43.0,19992000,22.633812457221083,0.2841865,0.10526315789473684
8462072,Nathan Perrott,1995.0,44.0,20012002,24.813141683778234,0.21214603,0.13636363636363635
8462073,Christian Laflamme,1995.0,45.0,19971998,20.851471594798085,0.27172554,0.1527777777777778
8462077,Jochen Hecht,1995.0,49.0,19992000,22.27789185489391,0.2604225,0.5396825396825397
8462078,Pavel Rosa,1995.0,50.0,19981999,21.31690622861054,0.44257137,0.5517241379310345
8462081,Jan Hlavac,1995.0,28.0,19992000,23.028062970568104,0.41365367,0.6268656716417911
8462084,Mike Leclerc,1995.0,55.0,19992000,22.888432580424368,0.27245706,0.2753623188405797
8462087,Darryl Laplante,1995.0,58.0,19992000,22.510609171800137,0.24170911,0.2
8462088,Miloslav Guren,1995.0,60.0,19992000,23.017111567419576,0.1661932,0.125
8462090,Petr Buzek,1995.0,63.0,19992000,22.431211498973305,0.23984751,0.30158730158730157
8462093,Peter Schaefer,1995.0,66.0,19981999,21.22108145106092,0.40306288,0.32
8462094,Brad Isbister,1995.0,67.0,19971998,20.40246406570842,0.33166963,0.25757575757575757
8462096,Sergey Gusev,1995.0,69.0,19981999,23.170431211498972,0.2641138,0.2222222222222222
8462097,Sergei Vyshedkevich,1995.0,70.0,20002001,25.744010951403148,0.26584524,0.13043478260869565
8462105,Alyn McCauley,1995.0,79.0,19971998,20.34223134839151,0.44227618,0.26666666666666666
8462107,Tomi Kallio,1995.0,81.0,20002001,23.67693360711841,0.41999945,0.48214285714285715
8462111,Justin Kurtz,1995.0,84.0,20012002,24.711841204654345,0.3730141,0.2962962962962963
8462114,Sami Kapanen,1995.0,87.0,19951996,22.297056810403834,0.3915755,0.2571428571428571
8462115,Daniel Tjarnqvist,1995.0,88.0,20012002,24.9637234770705,0.27041447,0.24
8462118,Marc Savard,1995.0,91.0,19971998,20.20807665982204,0.39711842,0.21428571428571427
8462121,Matt Davidson,1995.0,94.0,20012002,24.145106091718002,0.22732386,0.17647058823529413
8462126,Cameron Mann,1995.0,99.0,19992000,22.4476386036961,0.38067856,0.375
8462127,Radovan Somik,1995.0,100.0,20022003,25.401779603011637,0.2705377,0.3
8462129,Michal Handzus,1995.0,101.0,19981999,21.557837097878167,0.37144193,0.24242424242424243
8462135,Benoit Gratton,1995.0,105.0,19981999,21.75770020533881,0.38773033,0.4375
8462136,Vladimir Orszagh,1995.0,106.0,20012002,24.355920602327174,0.36640528,0.45569620253164556
8462148,Dale Purinton,1995.0,117.0,20002001,23.972621492128678,0.15652448,0.047619047619047616
8462149,Jason Morgan,1995.0,118.0,20032004,26.976043805612594,0.25588584,0.21052631578947367
8462159,Jan Hrdina,1995.0,128.0,19981999,22.652977412731005,0.29783607,0.5121951219512195
8462165,Dimitri Tertyshny,1995.0,132.0,19981999,21.765913757700204,0.20639165,0.16129032258064516
8462176,Brent Sopel,1995.0,144.0,19992000,22.729637234770706,0.24661146,0.3333333333333333
8462177,Yannick Tremblay,1995.0,145.0,19971998,21.87816563997262,0.20479171,0.15789473684210525
8462182,Clarke Wilm,1995.0,150.0,19981999,21.935660506502394,0.2862277,0.23076923076923078
8462185,Denis Hamel,1995.0,153.0,20002001,23.394934976043807,0.27101332,0.2682926829268293
8462196,Stephane Robidas,1995.0,164.0,20002001,23.581108829568787,0.26765317,0.18461538461538463
8462197,Byron Ritchie,1995.0,165.0,19992000,22.43668720054757,0.35402617,0.07692307692307693
8462198,Peter Worrell,1995.0,166.0,19971998,20.12046543463381,0.22183192,0.0
8462209,P.J. Axelsson,1995.0,177.0,19971998,22.595482546201232,0.38324228,0.32926829268292684
8462211,Jean-Luc Grand-Pierre,1995.0,179.0,19981999,21.659137577002053,0.16989739,0.0625
8462225,Filip Kuba,1995.0,192.0,20002001,23.756331279945243,0.21707326,0.4
8462244,Libor Zabransky,1995.0,209.0,19961997,22.850102669404517,0.17628033,0.17647058823529413
8462258,Danny Markov,1995.0,223.0,19971998,21.17180013689254,0.2185201,0.28
8459325,Jean-Yves Roy,,300.0,19961997,27.619438740588638,0.40477526,0.4807692307692308
8459415,Brent Peterson,,300.0,19961997,24.199863107460644,0.49125892,0.11764705882352941
8459995,Lonny Bohonos,,300.0,19961997,23.367556468172484,0.39706963,0.6111111111111112
8460012,Eric Messier,,300.0,19961997,22.924024640657084,0.15800197,0.0
8460044,Brad Smyth,,300.0,19961997,23.55373032169747,0.63727194,0.3269230769230769
8460254,Greg De Vries,,300.0,19961997,23.73990417522245,0.25342515,0.10810810810810811
8460482,Stephen Guolla,,300.0,19961997,23.548254620123203,0.3942288,0.4883720930232558
8460538,Daniel Goneau,1996.0,48.0,19961997,20.709103353867214,0.32952687,0.3170731707317073
8460782,Todd Simpson,,300.0,19961997,23.345653661875428,0.13565132,0.17073170731707318
8462824,Harry York,,300.0,19961997,22.46132785763176,0.43426248,0.43243243243243246
8462835,Sasha Lakovic,,300.0,19961997,25.06776180698152,0.5614519,0.05263157894736842
8464956,Chris Phillips,1996.0,1.0,19971998,19.564681724845997,0.28011376,0.2222222222222222
8464957,J-P Dumont,1996.0,3.0,19981999,20.501026694045173,0.41273385,0.6
8464959,Ric Jackman,1996.0,5.0,19992000,21.259411362080765,0.2949074,0.13636363636363635
8464960,Boyd Devereaux,1996.0,6.0,19971998,19.460643394934976,0.2734801,0.13157894736842105
8464961,Johnathan Aitken,1996.0,8.0,20032004,25.35523613963039,0.121967405,0.024390243902439025
8464962,Ruslan Salei,1996.0,9.0,19961997,21.913757700205338,0.30275267,0.03333333333333333
8464964,Dan Focht,1996.0,11.0,20022003,24.750171115674195,0.095537916,0.13636363636363635
8464965,Josh Holden,1996.0,12.0,19981999,20.700889801505816,0.39050117,0.2
8464966,Derek Morris,1996.0,13.0,19971998,19.104722792607802,0.24545722,0.35365853658536583
8464967,Marty Reasoner,1996.0,14.0,19981999,21.593429158110883,0.41237882,0.45454545454545453
8464968,Erik Rasmussen,1996.0,7.0,19971998,20.511978097193705,0.2976006,0.23809523809523808
8464970,Jaroslav Svejkovsky,1996.0,17.0,19961997,20.0,0.35501835,0.5263157894736842
8464971,Matt Higgins,1996.0,18.0,19981999,20.922655715263517,0.26238328,0.04
8464975,Daniel Brière,1996.0,24.0,19981999,20.985626283367555,0.3919066,0.34375
8464976,Jesse Wallin,1996.0,26.0,20012002,23.561943874058862,0.13328825,0.06666666666666667
8464977,Dainius Zubrus,1996.0,15.0,19961997,18.2943189596167,0.42757908,0.3088235294117647
8464979,Marco Sturm,1996.0,21.0,19971998,19.06365503080082,0.37982625,0.40540540540540543
8464980,Peter Ratchuk,1996.0,25.0,19981999,21.05681040383299,0.28168005,0.08333333333333333
8464981,Cory Sarich,1996.0,27.0,19992000,21.125256673511295,0.16870189,0.1016949152542373
8464983,Dan Lacouture,1996.0,29.0,20002001,23.45516769336071,0.24120095,0.125
8464984,Josh Green,1996.0,30.0,19981999,20.87337440109514,0.30590856,0.14814814814814814
8464985,Remi Royer,1996.0,31.0,19981999,20.632443531827516,0.22210467,0.0
8464989,Matt Cullen,1996.0,35.0,19971998,20.91170431211499,0.3858088,0.4426229508196721
8464990,Marek Posmyk,1996.0,36.0,19992000,21.04312114989733,0.15715632,0.16666666666666666
8464991,Marian Cisar,1996.0,37.0,20002001,22.598220396988363,0.31314245,0.45
8464993,Travis Brigley,1996.0,39.0,19992000,22.29158110882957,0.26192585,0.11764705882352941
8464994,Steve Begin,1996.0,40.0,20012002,23.299110198494184,0.19856763,0.23529411764705882
8464998,Jan Bulis,1996.0,43.0,19971998,19.540041067761805,0.3630607,0.3333333333333333
8465005,Colin White,1996.0,49.0,19992000,21.801505817932924,0.12361369,0.14285714285714285
8465009,Zdeno Chara,1996.0,56.0,19971998,20.539356605065024,0.10710085,0.04
8465012,Tom Poti,1996.0,59.0,19981999,21.527720739219713,0.2639006,0.2876712328767123
8465018,Oleg Kvasha,1996.0,65.0,19981999,20.18343600273785,0.21712667,0.36764705882352944
8465024,Jon Sim,1996.0,70.0,19992000,22.0041067761807,0.31691584,0.32
8465025,Arron Asham,1996.0,71.0,19992000,21.467488021902806,0.26376387,0.18181818181818182
8465026,Mark Parrish,1996.0,79.0,19981999,21.659137577002053,0.36728826,0.5068493150684932
8465032,Zenith Komarniski,1996.0,75.0,19992000,21.13347022587269,0.22206493,0.1111111111111111
8465034,Antti-Jussi Niemi,1996.0,81.0,20002001,23.025325119780973,0.27074498,0.07142857142857142
8465035,Joey Tetarenko,1996.0,82.0,20002001,22.581793292265573,0.124048166,0.13793103448275862
8465041,Craig MacDonald,1996.0,88.0,20022003,25.4839151266256,0.24911168,0.11428571428571428
8465042,Toni Lydman,1996.0,89.0,20002001,23.017111567419576,0.23148583,0.3064516129032258
8465044,Josef Boumedienne,1996.0,91.0,20032004,25.71663244353183,0.20261624,0.3783783783783784
8465050,Eric Belanger,1996.0,96.0,20002001,22.792607802874745,0.25824606,0.3387096774193548
8465056,Trent Whitfield,1996.0,100.0,20002001,23.290896646132786,0.2364671,0.09836065573770492
8465058,Michal Rozsival,1996.0,105.0,19992000,21.075975359342916,0.28667942,0.28
8465059,Matt Bradley,1996.0,102.0,20002001,22.302532511978097,0.2381885,0.09523809523809523
8465067,Jesse Boulerice,1996.0,133.0,20022003,24.142368240930868,0.116686255,0.0625
8465071,Alexei Tezikov,1996.0,115.0,19992000,21.27583846680356,0.2434416,0.08695652173913043
8465090,Andreas Dackell,1996.0,136.0,19961997,23.756331279945243,0.6207953,0.3924050632911392
8465113,Brian Willsie,1996.0,146.0,20012002,23.54551676933607,0.3372658,0.25
8465122,Brett Clark,1996.0,154.0,19971998,20.772073921971252,0.29308653,0.024390243902439025
8465166,Craig Adams,1996.0,223.0,20002001,23.433264887063654,0.4108061,0.022727272727272728
8465167,Kai Nurminen,1996.0,193.0,19961997,27.509924709103355,0.6232702,0.40298507462686567
8465168,Joel Kwiatkowski,1996.0,194.0,20022003,25.527720739219713,0.15459435,0.09259259259259259
8465170,Fernando Pisani,1996.0,195.0,20022003,25.760438056125942,0.28885219,0.37142857142857144
8465175,Dan Hinote,1996.0,167.0,19992000,22.666666666666668,0.13998607,0.14814814814814814
8465179,Daniel Corso,1996.0,169.0,20002001,22.496919917864478,0.28885567,0.4642857142857143
8465180,Ronald Petrovicky,1996.0,228.0,20002001,23.6249144421629,0.32733122,0.3
8465185,Willie Mitchell,1996.0,199.0,20002001,23.44147843942505,0.12520991,0.30303030303030304
8465189,Trevor Letowski,1996.0,174.0,19992000,22.48870636550308,0.36934108,0.47560975609756095
8465192,Samuel Pahlsson,1996.0,176.0,20002001,22.78986995208761,0.33698088,0.11842105263157894
8465200,Tomas Kaberle,1996.0,204.0,19981999,20.583162217659137,0.20293558,0.38596491228070173
8465202,Sami Salo,1996.0,239.0,19981999,24.079397672826833,0.14023814,0.3114754098360656
8465207,Reed Low,1996.0,177.0,20002001,24.279260780287473,0.1543576,0.10714285714285714
8465210,Pavel Kubina,1996.0,179.0,19981999,21.462012320328544,0.09787667,0.3088235294117647
8465220,Eric Meloche,1996.0,186.0,20012002,25.418206707734427,0.21470386,0.043478260869565216
8465230,Ivan Ciernik,1996.0,216.0,20012002,23.920602327173167,0.2598934,0.13793103448275862
8465250,Andrei Zyuzin,1996.0,2.0,19971998,19.693360711841205,0.3458157,0.23214285714285715
8465252,Richard Lintner,1996.0,119.0,19992000,21.87542778918549,0.19438195,0.18181818181818182
8465253,Marcus Nilson,1996.0,20.0,20002001,22.587268993839835,0.22208521,0.46153846153846156
8459223,Pascal Rheaume,,300.0,19971998,24.279260780287473,0.34203205,0.3125
8460087,Pascal Trepanier,,300.0,19971998,24.073921971252567,0.28468996,0.06666666666666667
8462082,Brad Larsen,1997.0,87.0,20012002,24.26009582477755,0.23994315,0.18
8462085,Shane Willis,1997.0,88.0,20002001,23.301848049281315,0.30986816,0.6027397260273972
8462103,John Tripp,1997.0,42.0,20032004,26.409308692676248,0.31953892,0.17647058823529413
8462843,Robert Dome,1997.0,17.0,19971998,18.67214236824093,0.38146693,0.23333333333333334
8464875,Steve McKenna,,300.0,19971998,24.112251882272417,0.18569796,0.12903225806451613
8465951,Matt Cooke,1997.0,144.0,19981999,20.06570841889117,0.22942117,0.06666666666666667
8465960,P.J. Stock,,300.0,19971998,22.351813826146476,0.47524145,0.13157894736842105
8465968,Brett McLean,1997.0,242.0,20032004,25.130732375085557,0.2726726,0.40789473684210525
8465978,Shawn Thornton,1997.0,190.0,20062007,29.190965092402465,0.18116784,0.1875
8466035,Sergei Samsonov,1997.0,8.0,19971998,18.92950034223135,0.46888205,0.5802469135802469
8466109,Mike Johnson,,300.0,19971998,22.99520876112252,0.38788295,0.573170731707317
8466138,Joe Thornton,1997.0,1.0,19971998,18.250513347022586,0.4583315,0.12727272727272726
8466139,Patrick Marleau,1997.0,2.0,19971998,18.04517453798768,0.43878242,0.43243243243243246
8466140,Olli Jokinen,1997.0,3.0,19981999,19.822039698836413,0.49431628,0.3181818181818182
8466142,Eric Brewer,1997.0,5.0,19981999,19.457905544147845,0.20351604,0.1746031746031746
8466143,Daniel Tkaczuk,1997.0,6.0,20002001,21.311430527036276,0.32761952,0.5789473684210527
8466144,Paul Mara,1997.0,7.0,19992000,20.06570841889117,0.19933277,0.3333333333333333
8466146,Brad Ference,1997.0,10.0,20012002,22.49965776865161,0.15290701,0.2125
8466147,Jason Ward,1997.0,11.0,19992000,20.706365503080082,0.206492,0.09375
8466148,Marian Hossa,1997.0,12.0,19981999,19.718001368925393,0.35168543,0.5
8466149,Daniel Cleary,1997.0,13.0,19981999,19.786447638603697,0.35020658,0.2571428571428571
8466153,Michael Holmqvist,1997.0,18.0,20032004,24.314852840520192,0.3339572,0.09523809523809523
8466155,Mike Brown,1997.0,20.0,20012002,22.431211498973305,0.21173203,0.0
8466158,Scott Hannan,1997.0,23.0,19992000,20.687200547570157,0.23137526,0.1
8466160,Brenden Morrow,1997.0,25.0,19992000,20.706365503080082,0.2821443,0.515625
8466162,Ben Clymer,1997.0,27.0,19992000,21.472963723477072,0.15658519,0.13333333333333333
8466164,Scott Barney,1997.0,29.0,20032004,24.514715947980836,0.15874952,0.5789473684210527
8466170,Jean-Francois Fortin,1997.0,35.0,20012002,22.548939082819988,0.12673348,0.1111111111111111
8466171,Harold Druken,1997.0,36.0,19992000,20.67898699520876,0.38718343,0.48484848484848486
8466174,Jeremy Reich,1997.0,39.0,20062007,27.63586584531143,0.13626823,0.03125
8466181,Kristian Huselius,1997.0,47.0,20012002,22.8911704312115,0.54052126,0.569620253164557
8466182,Henrik Tallinder,1997.0,48.0,20022003,23.72347707049966,0.10529771,0.2826086956521739
8466183,Yuri Butsayev,1997.0,49.0,19992000,20.971937029431896,0.328899,0.14035087719298245
8466186,Roman Lyashenko,1997.0,52.0,19992000,20.416153319644078,0.33886993,0.20689655172413793
8466189,Rick Berry,1997.0,55.0,20002001,21.908281998631075,0.17969787,0.21052631578947367
8466197,Lee Goren,1997.0,63.0,20002001,22.765229295003422,0.3907643,0.09523809523809523
8466200,Josh Langfeld,1997.0,66.0,20032004,26.206707734428473,0.17724015,0.4473684210526316
8466202,Maxim Afinogenov,1997.0,69.0,19992000,20.073921971252567,0.32444718,0.5230769230769231
8466203,Josef Melichar,1997.0,71.0,20002001,21.697467488021903,0.13010348,0.1111111111111111
8466205,Burke Henry,1997.0,73.0,20022003,23.693360711841205,0.11180463,0.125
8466206,Nick Smith,1997.0,74.0,20012002,22.527036276522928,0.13016924,0.0
8466209,Steve Gainey,1997.0,77.0,20052006,26.680355920602327,0.33660075,0.05
8466210,Ville Nieminen,1997.0,78.0,20002001,23.488021902806295,0.2341416,0.44
8466212,Francis Lessard,1997.0,80.0,20022003,23.340177960301162,0.10160276,0.1111111111111111
8466215,Joe Corvo,1997.0,83.0,20022003,25.281314168377822,0.22348908,0.24
8466216,Adam Mair,1997.0,84.0,20002001,21.626283367556468,0.294502,0.07692307692307693
8466225,Ivan Novoseltsev,1997.0,95.0,20002001,21.689253935660506,0.27048966,0.23684210526315788
8466232,Quintin Laing,1997.0,102.0,20072008,28.314852840520192,0.18889455,0.15384615384615385
8466240,Benjamin Simon,1997.0,110.0,20032004,25.297741273100616,0.19080307,0.057692307692307696
8466249,Magnus Arvedson,1997.0,119.0,19971998,25.8507871321013,0.28153065,0.4262295081967213
8466251,Jason Chimera,1997.0,121.0,20022003,23.416837782340863,0.3358562,0.3484848484848485
8466260,Kyle Calder,1997.0,130.0,20002001,21.738535249828885,0.35486883,0.3488372093023256
8466261,Jiri Bicek,1997.0,131.0,20022003,23.82751540041068,0.20992962,0.25
8466264,Johan Lindbom,1997.0,134.0,19971998,26.234086242299796,0.37459248,0.10526315789473684
8466266,Mike York,1997.0,136.0,19992000,21.741273100616016,0.34032857,0.6097560975609756
8466282,Andrei Skopintsev,1997.0,153.0,19981999,27.00889801505818,0.22371228,0.10526315789473684
8466285,Brian Campbell,1997.0,156.0,20012002,22.360027378507873,0.1987992,0.20689655172413793
8466292,Todd Fedoruk,1997.0,164.0,20002001,21.631759069130734,0.14987141,0.18867924528301888
8466300,Ben Guite,1997.0,172.0,20062007,28.20807665982204,0.25839195,0.28205128205128205
8466304,Ladislav Nagy,1997.0,177.0,20002001,21.336071184120467,0.31178883,0.3695652173913043
8466309,Mike Mottau,1997.0,182.0,20072008,29.53593429158111,0.2605652,0.2236842105263158
8466316,Antti Laaksonen,1997.0,191.0,19992000,25.99315537303217,0.3457716,0.3333333333333333
8466317,Cam Severson,1997.0,192.0,20032004,25.70841889117043,0.16203262,0.0967741935483871
8466320,Niklas Nordgren,1997.0,195.0,20052006,26.261464750171115,0.36432812,0.10344827586206896
8466333,Andrew Ference,1997.0,208.0,19992000,20.542094455852155,0.1958511,0.2
8466336,Kamil Piros,1997.0,212.0,20032004,24.862422997946613,0.20088919,0.11764705882352941
8466343,Mark Smith,1997.0,219.0,20012002,23.93702943189596,0.34917685,0.12244897959183673
8466345,Jonathan Hedstrom,1997.0,221.0,20052006,27.761806981519506,0.36623314,0.34177215189873417
8466348,Paul Comrie,1997.0,224.0,19992000,22.64476386036961,0.34516013,0.2
8466353,Karel Rachunek,1997.0,229.0,20002001,21.097878165639973,0.16150329,0.4647887323943662
8466357,Wyatt Smith,1997.0,233.0,20002001,23.630390143737166,0.2139682,0.23809523809523808
8466368,Jay Henderson,1997.0,246.0,19992000,21.037645448323065,0.19733123,0.25
8458838,Steve Poapst,,300.0,19981999,29.741273100616016,0.2194046,0.0
8459069,Jiri Dopita,1998.0,123.0,20012002,32.82956878850103,0.32951015,0.5192307692307693
8459318,Greg Pankewicz,,300.0,19981999,27.901437371663246,0.41520435,0.16666666666666666
8459406,Bryan Helmer,,300.0,19981999,26.21218343600274,0.28147918,0.1
8459889,Mike Maneluk,,300.0,19981999,24.999315537303218,0.4010047,0.3333333333333333
8460061,Stacy Roest,,300.0,19981999,24.54757015742642,0.40329924,0.2033898305084746
8463638,Bryan Muir,,300.0,19981999,25.31416837782341,0.18163812,0.09259259259259259
8464963,Lance Ward,1998.0,63.0,20002001,22.33264887063655,0.15085456,0.06666666666666667
8465003,Pierre Dagenais,1998.0,105.0,20012002,23.578370978781656,0.3065843,0.3333333333333333
8465016,Scott Parker,1998.0,20.0,19981999,20.670773442847366,0.16990605,0.0
8465020,Gordie Dwyer,1998.0,152.0,19992000,21.68104038329911,0.36183888,0.041666666666666664
8465028,Boyd Kane,1998.0,114.0,20062007,28.45448323066393,0.21172318,0.13333333333333333
8465165,Evgeny Korolev,1998.0,182.0,19992000,21.188227241615333,0.19528963,0.17647058823529413
8466130,Andrei Bashkirov,1998.0,132.0,20002001,30.27789185489391,0.25960073,0.16666666666666666
8466211,Robert Schnabel,1998.0,129.0,20032004,24.889801505817932,0.14007767,0.15
8466392,Todd White,,300.0,19981999,23.364818617385353,0.3781429,0.37142857142857144
8466436,Martin Sonnenberg,,300.0,19981999,20.687200547570157,0.25756347,0.045454545454545456
8466437,Lubos Bartecko,,300.0,19981999,22.21492128678987,0.3028471,0.5
8467096,Dan Boyle,,300.0,19981999,22.220396988364133,0.30868793,0.36363636363636365
8467304,Andy Sutton,,300.0,19981999,23.561943874058862,0.23692642,0.0967741935483871
8467323,Mark Mowers,,300.0,19981999,24.621492128678987,0.4171131,0.2
8467329,Vincent Lecavalier,1998.0,1.0,19981999,18.444900752908968,0.376426,0.34146341463414637
8467330,David Legwand,1998.0,2.0,19992000,19.121149897330596,0.40678725,0.39436619718309857
8467331,Brad Stuart,1998.0,3.0,19992000,19.901437371663246,0.2026588,0.43902439024390244
8467332,Bryan Allen,1998.0,4.0,20022003,22.11088295687885,0.16667473,0.16666666666666666
8467333,Rico Fata,1998.0,6.0,19981999,18.633812457221083,0.27397314,0.05
8467334,Manny Malhotra,1998.0,7.0,19981999,18.3709787816564,0.23285364,0.2191780821917808
8467335,Mark Bell,1998.0,8.0,20012002,21.155373032169745,0.2790303,0.35
8467337,Jeff Heerema,1998.0,11.0,20032004,23.704312114989733,0.30179924,0.13636363636363635
8467338,Alex Tanguay,1998.0,12.0,19992000,19.860369609856264,0.4007456,0.6710526315789473
8467342,Eric Chouinard,1998.0,16.0,20022003,22.23134839151266,0.25630534,0.2857142857142857
8467343,Martin Skoula,1998.0,17.0,19992000,19.926078028747433,0.19272825,0.2
8467344,Robyn Regehr,1998.0,19.0,19992000,19.449691991786448,0.18870889,0.21052631578947367
8467345,Mathieu Biron,1998.0,21.0,19992000,19.422313483915126,0.17948993,0.13333333333333333
8467346,Simon Gagne,1998.0,22.0,19992000,19.586584531143053,0.3677988,0.6
8467347,Milan Kraft,1998.0,23.0,20002001,20.706365503080082,0.21387374,0.3333333333333333
8467348,Christian Backman,1998.0,24.0,20032004,23.42505133470226,0.16195413,0.2727272727272727
8467349,Jiri Fischer,1998.0,25.0,19992000,19.16769336071184,0.24967521,0.15384615384615385
8467350,Mike Van Ryn,1998.0,26.0,20012002,22.38466803559206,0.1644191,0.20833333333333334
8467351,Scott Gomez,1998.0,27.0,19992000,19.772758384668034,0.34378555,0.8536585365853658
8467352,Vitaly Vishnevski,1998.0,5.0,19992000,19.537303216974674,0.22996289,0.06451612903225806
8467353,Nik Antropov,1998.0,10.0,19992000,19.616700889801507,0.27254117,0.45454545454545453
8467354,Dmitri Kalinin,1998.0,18.0,20002001,20.194387405886378,0.19385396,0.27848101265822783
8467355,Andrew Peters,1998.0,34.0,20032004,23.405886379192335,0.13911551,0.047619047619047616
8467357,Jonathan Cheechoo,1998.0,29.0,20022003,22.21218343600274,0.3223034,0.24242424242424243
8467359,Artem Chubarov,1998.0,31.0,19992000,19.800136892539356,0.25724682,0.1836734693877551
8467360,Stephen Peat,1998.0,32.0,20012002,21.560574948665298,0.3272792,0.10526315789473684
8467361,Blair Betts,1998.0,33.0,20032004,23.62217659137577,0.25094184,0.15
8467362,Chris Nielsen,1998.0,36.0,20002001,20.62422997946612,0.22410208,0.3103448275862069
8467363,Christian Berglund,1998.0,37.0,20012002,21.555099247091032,0.369615,0.6
8467365,John Erskine,1998.0,39.0,20012002,21.26488706365503,0.21029958,0.030303030303030304
8467369,Ossi Vaananen,1998.0,43.0,20002001,20.12046543463381,0.20643443,0.19753086419753085
8467370,Mike Fisher,1998.0,44.0,19992000,19.32101300479124,0.34507424,0.28125
8467371,Mike Ribeiro,1998.0,45.0,19992000,19.638603696098563,0.4235261,0.10526315789473684
8467374,Jonathan Girard,1998.0,48.0,19992000,19.345653661875428,0.33731607,0.13043478260869565
8467378,Bobby Allen,1998.0,52.0,20062007,27.87953456536619,0.14547229,0.0967741935483871
8467379,Steve Moore,1998.0,53.0,20032004,25.023956194387406,0.19635896,0.21052631578947367
8467383,Tyler Bouck,1998.0,57.0,20002001,20.71731690622861,0.22153753,0.14583333333333334
8467386,Denis Arkhipov,1998.0,60.0,20002001,21.371663244353183,0.28048605,0.325
8467387,Joe DiPenta,1998.0,61.0,20052006,26.598220396988363,0.1335406,0.1111111111111111
8467389,Brad Richards,1998.0,64.0,20002001,20.416153319644078,0.45256504,0.7560975609756098
8467392,Alex Henry,1998.0,67.0,20022003,22.954140999315538,0.13895479,0.0
8467393,Jarkko Ruutu,1998.0,68.0,20002001,25.1088295687885,0.34145182,0.2857142857142857
8467396,Erik Cole,1998.0,71.0,20012002,22.902121834360027,0.3609251,0.49382716049382713
8467397,Dimitri Afanasenkov,1998.0,72.0,20032004,23.38672142368241,0.16679496,0.22535211267605634
8467400,Francois Beauchemin,1998.0,75.0,20052006,25.32511978097194,0.17916715,0.5
8467407,Brian Gionta,1998.0,82.0,20012002,22.702258726899384,0.36486566,0.3333333333333333
8467408,Matt Walker,1998.0,83.0,20022003,22.483230663928815,0.15186788,0.0625
8467412,Alexei Ponikarovsky,1998.0,87.0,20002001,20.479123887748116,0.20179601,0.18181818181818182
8467416,Josef Vasicek,1998.0,91.0,20002001,20.05201916495551,0.22382352,0.27631578947368424
8467417,Eric Beaudoin,1998.0,92.0,20022003,22.412046543463383,0.18570213,0.06666666666666667
8467418,Tommy Vestlund,1998.0,93.0,19992000,24.75564681724846,0.23743123,0.14814814814814814
8467422,Rob Davison,1998.0,98.0,20022003,22.417522245037645,0.14032336,0.2
8467423,Shawn Horcoff,1998.0,99.0,20002001,22.039698836413415,0.33108842,0.32653061224489793
8467425,Petr Schastlivy,1998.0,101.0,20002001,21.456536618754278,0.31637028,0.29411764705882354
8467427,Kip Brennan,1998.0,103.0,20022003,22.094455852156056,0.16517876,0.0
8467428,Krys Barch,1998.0,106.0,20062007,26.5160848733744,0.15987915,0.19230769230769232
8467436,Jay Leach,1998.0,115.0,20082009,29.08145106091718,0.13377833,0.041666666666666664
8467439,Jaroslav Spacek,1998.0,117.0,19981999,24.635181382614647,0.28395656,0.23809523809523808
8467444,Patrick Leahy,1998.0,122.0,20052006,26.313483915126625,0.16310054,0.18604651162790697
8467450,Tomas Kloucek,1998.0,131.0,20002001,20.569472963723477,0.19447318,0.11627906976744186
8467452,Rob Scuderi,1998.0,134.0,20052006,26.754277891854894,0.13340986,0.07017543859649122
8467461,Ryan Flinn,1998.0,143.0,20022003,22.4476386036961,0.15121402,0.05263157894736842
8467463,Mikael Samuelsson,1998.0,145.0,20012002,24.772073921971252,0.33538935,0.23880597014925373
8467466,Trent Hunter,1998.0,150.0,20032004,23.238877481177276,0.32980055,0.6623376623376623
8467468,Pavel Patera,1998.0,153.0,20002001,29.07049965776865,0.27313104,0.2
8467469,Allan Rourke,1998.0,154.0,20032004,23.57015742642026,0.19643053,0.12
8467475,Jesse Fibiger,1998.0,178.0,20022003,24.49281314168378,0.14761187,0.0
8467478,Kent Huskins,1998.0,156.0,20062007,27.411362080766597,0.15483356,0.09090909090909091
8467483,Tyler Arnason,1998.0,183.0,20012002,22.546201232032853,0.35306358,0.19047619047619047
8467488,Erik Westrum,1998.0,187.0,20032004,24.18343600273785,0.19323051,0.13333333333333333
8467491,Rickard Wallin,1998.0,160.0,20032004,23.477070499657767,0.24483912,0.6
8467493,Chris Neil,1998.0,161.0,20012002,22.288843258042437,0.37408176,0.2361111111111111
8467496,Andrei Markov,1998.0,162.0,20002001,21.782340862423,0.38438705,0.36507936507936506
8467499,Tomas Zizka,1998.0,163.0,20032004,23.975359342915812,0.24374752,0.3333333333333333
8467502,Ales Kotalik,1998.0,164.0,20022003,23.772758384668034,0.22385089,0.5147058823529411
8467510,Petr Svoboda,1998.0,35.0,20002001,20.281998631074607,0.20179601,0.16666666666666666
8467514,Pavel Datsyuk,1998.0,171.0,20012002,23.200547570157426,0.32052985,0.5
8467516,Niko Kapanen,1998.0,173.0,20022003,24.424366872005475,0.27372128,0.4146341463414634
8467519,Karlis Skrastins,1998.0,230.0,19992000,25.229295003422312,0.2392994,0.1864406779661017
8467527,Jan Mertzig,1998.0,235.0,19981999,28.205338809034906,0.2183558,0.08695652173913043
8467531,Jonas Frogren,1998.0,206.0,20082009,28.093086926762492,0.18359344,0.17073170731707318
8467534,Johan Witehall,1998.0,207.0,20002001,28.733744010951405,0.24212295,0.12195121951219512
8467535,Jaroslav Svoboda,1998.0,208.0,20022003,22.33264887063655,0.1952429,0.2916666666666667
8467540,Jim Fahey,1998.0,212.0,20022003,23.392197125256672,0.29416397,0.46511627906976744
8467543,Toby Petersen,1998.0,244.0,20012002,22.92950034223135,0.36345086,0.22784810126582278
8467545,Michael Ryder,1998.0,216.0,20032004,23.50171115674196,0.34442732,0.7777777777777778
8467557,Martin Cibak,1998.0,252.0,20012002,21.374401095140314,0.3818519,0.23076923076923078
8467558,Bruno St. Jacques,1998.0,253.0,20022003,22.10814510609172,0.15426996,0.2916666666666667
8467565,John Pohl,1998.0,255.0,20062007,27.2580424366872,0.3919048,0.3918918918918919
8459262,Brandon Smith,,300.0,19992000,26.595482546201232,0.34601724,0.2727272727272727
8459298,Marc Rodgers,,300.0,19992000,27.54277891854894,0.28680193,0.09523809523809523
8459414,Dean Sylvester,,300.0,19992000,26.751540041067763,0.32090315,0.5
8459996,Dennis Bonvie,,300.0,19992000,26.190280629705683,0.17394945,0.0
8462416,Andy Delmore,,300.0,19992000,22.76249144421629,0.16997539,0.25925925925925924
8462823,Glen Metropolit,,300.0,19992000,25.267624914442163,0.5522689,0.6333333333333333
8465914,Francis Bouillon,,300.0,19992000,23.956194387405887,0.30264458,0.21621621621621623
8466110,Randy Robitaille,,300.0,19992000,23.969883641341546,0.37550882,0.36231884057971014
8466145,Nick Boynton,1999.0,21.0,20012002,22.713210130047912,0.183993,0.225
8466349,Kent McDonell,1999.0,181.0,20032004,24.58590006844627,0.23438558,0.10344827586206896
8466371,John Madden,,300.0,19992000,26.409308692676248,0.37565038,0.33783783783783783
8466378,Martin St. Louis,,300.0,19992000,24.28747433264887,0.40305457,0.32142857142857145
8466398,Tom Kostopoulos,1999.0,204.0,20032004,24.684462696783026,0.33605418,0.36666666666666664
8466443,Radoslav Suchy,,300.0,19992000,23.482546201232033,0.25646463,0.1
8466971,Blake Sloan,,300.0,19992000,24.18069815195072,0.37146118,0.2537313432835821
8467055,Patrik Stefan,1999.0,1.0,19992000,19.039014373716633,0.5368857,0.3472222222222222
8467325,Andre Savage,,300.0,19992000,24.347707049965777,0.39451492,0.46511627906976744
8467580,Mark Eaton,,300.0,19992000,22.403832991101986,0.19294095,0.07407407407407407
8467682,Brad Chartrand,,300.0,19992000,24.79671457905544,0.25415432,0.24
8467831,Jeff Halpern,,300.0,19992000,23.411362080766597,0.3855502,0.3670886075949367
8467844,Jason Blake,,300.0,19992000,26.078028747433265,0.3979196,0.359375
8467851,Steven Kariya,,300.0,19992000,21.7741273100616,0.40790996,0.4222222222222222
8467856,Brian Rafalski,,300.0,19992000,26.00684462696783,0.40148056,0.4266666666666667
8467857,Jason Krog,,300.0,19992000,23.978097193702943,0.40667447,0.35294117647058826
8467875,Daniel Sedin,1999.0,2.0,20002001,20.01368925393566,0.40616822,0.4533333333333333
8467876,Henrik Sedin,1999.0,3.0,20002001,20.01368925393566,0.382368,0.35365853658536583
8467877,Pavel Brendl,1999.0,4.0,20022003,21.52498288843258,0.28839383,0.26
8467878,Tim Connolly,1999.0,5.0,19992000,18.401095140314855,0.37010175,0.41975308641975306
8467880,Kris Beech,1999.0,7.0,20012002,20.65160848733744,0.3750359,0.31645569620253167
8467881,Taylor Pyatt,1999.0,8.0,20002001,19.11841204654346,0.25544164,0.23076923076923078
8467882,Jamie Lundmark,1999.0,9.0,20022003,21.7056810403833,0.32288507,0.34545454545454546
8467883,Branislav Mezei,1999.0,10.0,20002001,19.980835044490075,0.17774326,0.11904761904761904
8467884,Oleg Saprykin,1999.0,11.0,20002001,19.633127994524298,0.33773178,0.3898305084745763
8467885,Denis Shvidki,1999.0,12.0,20002001,19.860369609856264,0.37686357,0.37209302325581395
8467886,Jani Rita,1999.0,13.0,20052006,24.186173853524984,0.29763767,0.19607843137254902
8467887,Jeff Jillson,1999.0,14.0,20012002,21.188227241615333,0.25181514,0.375
8467889,David Tanabe,1999.0,16.0,19992000,19.200547570157426,0.218384,0.12903225806451613
8467890,Barret Jackman,1999.0,17.0,20022003,21.574264202600958,0.17176785,0.23170731707317074
8467891,Konstantin Koltsov,1999.0,18.0,20032004,22.455852156057496,0.18689685,0.35365853658536583
8467892,Kirill Safronov,1999.0,19.0,20022003,21.593429158110883,0.18817967,0.125
8467896,Steve McCarthy,1999.0,23.0,20002001,19.65776865160849,0.26618892,0.11363636363636363
8467899,Martin Havlat,1999.0,26.0,20002001,19.45242984257358,0.33166766,0.5753424657534246
8467901,Kristian Kudroc,1999.0,28.0,20002001,19.364818617385353,0.1740745,0.18181818181818182
8467902,Michal Sivek,1999.0,29.0,20022003,21.691991786447637,0.21917042,0.15789473684210525
8467905,Michael Ryan,1999.0,32.0,20062007,26.376454483230663,0.26538318,0.2631578947368421
8467908,Milan Bartovic,1999.0,35.0,20032004,22.477754962354553,0.1999817,0.391304347826087
8467909,Alexei Semenov,1999.0,36.0,20022003,21.475701574264203,0.15273608,0.15217391304347827
8467910,Nolan Yonkman,1999.0,37.0,20052006,24.501026694045173,0.12936357,0.18421052631578946
8467914,Tony Salmelainen,1999.0,41.0,20062007,25.14715947980835,0.40056932,0.2982456140350877
8467915,Mike Commodore,1999.0,42.0,20002001,20.90075290896646,0.17188267,0.25
8467917,Jordan Leopold,1999.0,44.0,20022003,22.16016427104723,0.2812646,0.2413793103448276
8467920,Sheldon Keefe,1999.0,47.0,20002001,20.03832991101985,0.37184784,0.08163265306122448
8467924,Matt Murley,1999.0,51.0,20032004,23.789185489390828,0.2781247,0.1111111111111111
8467925,Adam Hall,1999.0,52.0,20022003,22.130047912388775,0.2648851,0.35443037974683544
8467927,Andrew Hutchinson,1999.0,54.0,20032004,23.520876112251884,0.22047089,0.4444444444444444
8467928,Doug Janik,1999.0,55.0,20062007,26.5160848733744,0.1568034,0.14666666666666667
8467931,Matt Carkner,1999.0,58.0,20092010,28.908966461327857,0.15424348,0.13580246913580246
8467941,Zdenek Blatny,1999.0,68.0,20032004,22.71047227926078,0.19273475,0.1875
8467943,Niklas Hagman,1999.0,70.0,20012002,21.82340862422998,0.41714224,0.358974358974359
8467949,Frantisek Kaberle,1999.0,76.0,19992000,25.894592744695416,0.37888396,0.3137254901960784
8467951,Mattias Weinhandl,1999.0,78.0,20022003,22.33264887063655,0.38050696,0.48936170212765956
8467956,Niclas Havelid,1999.0,83.0,19992000,26.469541409993155,0.26292756,0.18
8467958,Peter Smrek,1999.0,85.0,20002001,21.623545516769337,0.19066976,0.25
8467961,Jimmie Olvestad,1999.0,88.0,20012002,21.623545516769337,0.24020205,0.1891891891891892
8467964,Mike Comrie,1999.0,91.0,20012002,21.05407255304586,0.39763114,0.7317073170731707
8467966,Branko Radivojevic,1999.0,93.0,20012002,20.851471594798085,0.37186742,0.3333333333333333
8467967,Chris Kelly,1999.0,94.0,20052006,24.8870636550308,0.26080355,0.36585365853658536
8467969,Mathias Tjarnqvist,1999.0,96.0,20032004,24.462696783025326,0.31945992,0.1111111111111111
8467974,Juraj Kolnik,1999.0,101.0,20002001,19.88227241615332,0.399575,0.2413793103448276
8467977,Brian McGrattan,1999.0,104.0,20052006,24.079397672826833,0.14097115,0.08333333333333333
8467988,Ryan Malone,1999.0,115.0,20032004,23.83299110198494,0.3337824,0.5308641975308642
8468000,Kaspars Astashenko,1999.0,127.0,20002001,25.620807665982205,0.24616739,0.13333333333333333
8468001,Derek MacKenzie,1999.0,128.0,20072008,26.305270362765228,0.3052393,0.11764705882352941
8468003,Justin Mapletoft,1999.0,130.0,20032004,22.718685831622178,0.2570558,0.18518518518518517
8468028,Niko Dimitrakos,1999.0,155.0,20022003,23.364818617385353,0.32043824,0.6190476190476191
8468056,Riku Hahl,1999.0,183.0,20012002,20.914442162902123,0.1855896,0.22727272727272727
8468064,Martin Erat,1999.0,191.0,20012002,20.09034907597536,0.38181916,0.4125
8468083,Henrik Zetterberg,1999.0,210.0,20022003,21.976728268309376,0.37698922,0.5569620253164557
8468085,Radim Vrbata,1999.0,212.0,20012002,20.301163586584533,0.3976755,0.5769230769230769
8468090,Garnet Exelby,1999.0,217.0,20022003,21.125256673511295,0.17799807,0.13333333333333333
8468095,George Parros,1999.0,222.0,20052006,25.75770020533881,0.17394173,0.09090909090909091
8468101,Radek Martinek,1999.0,228.0,20012002,25.084188911704313,0.2022201,0.21739130434782608
8468103,Petr Tenkrat,1999.0,230.0,20002001,23.33744010951403,0.43815833,0.30434782608695654
8468105,Alexander Khavanov,1999.0,232.0,20002001,28.670773442847366,0.2332619,0.3108108108108108
8468113,Jeff Finger,1999.0,240.0,20062007,26.78713210130048,0.16552562,0.22727272727272727
8468114,Douglas Murray,1999.0,241.0,20052006,25.555099247091032,0.17940755,0.029411764705882353
8468118,Tommi Santala,1999.0,245.0,20032004,24.262833675564682,0.3486456,0.09090909090909091
8468120,Mikko Eloranta,1999.0,247.0,19992000,27.10198494182067,0.37362596,0.36
8468121,Darren Haydar,1999.0,248.0,20072008,27.942505133470227,0.41234908,0.5
8468130,Hannes Hyvonen,1999.0,257.0,20022003,27.091033538672143,0.28266335,0.25
8460051,Scott Ferguson,,300.0,20002001,27.734428473648187,0.17120498,0.05
8462419,Jeff Cowan,,300.0,20002001,24.01095140314853,0.23914744,0.2549019607843137
8463019,Eric Landry,,300.0,20002001,25.697467488021903,0.32481676,0.21568627450980393
8463125,Shawn Heins,,300.0,20002001,26.770704996577688,0.33781892,0.18421052631578946
8465975,Herbert Vasiljevs,,300.0,20002001,24.347707049965777,0.41027844,0.42857142857142855
8466421,Serge Payer,,300.0,20002001,21.399041752224505,0.22786048,0.13953488372093023
8467336,Mike Rupp,2000.0,76.0,20022003,22.715947980835043,0.1958953,0.3076923076923077
8467356,Ramzi Abid,2000.0,85.0,20022003,22.521560574948666,0.28666273,0.5454545454545454
8467372,Justin Papineau,2000.0,75.0,20022003,22.71047227926078,0.37139317,0.375
8468172,Ruslan Fedotenko,,300.0,20002001,21.702943189596166,0.33995822,0.4864864864864865
8468432,Steve Reinprecht,,300.0,20002001,24.40246406570842,0.38573834,0.45
8468434,Andy McDonald,,300.0,20002001,23.10198494182067,0.40815935,0.0625
8468438,Billy Tibbetts,,300.0,20002001,25.965776865160848,0.4437983,0.10344827586206896
8468444,Brad Tapper,,300.0,20002001,22.428473648186174,0.43069276,0.3125
8468449,Greg Classen,,300.0,20002001,23.104722792607802,0.27088958,0.2222222222222222
8468482,Dany Heatley,2000.0,2.0,20012002,20.692676249144423,0.41580105,0.8170731707317073
8468483,Marian Gaborik,2000.0,3.0,20002001,18.628336755646817,0.51066095,0.5070422535211268
8468484,Rostislav Klesla,2000.0,4.0,20012002,19.531827515400412,0.2930605,0.21333333333333335
8468485,Raffi Torres,2000.0,5.0,20022003,20.980150581793293,0.28604853,0.29411764705882354
8468486,Scott Hartnell,2000.0,6.0,20002001,18.455852156057496,0.30919218,0.21333333333333335
8468488,Nikita Alexeev,2000.0,8.0,20012002,19.761806981519506,0.22625929,0.18181818181818182
8468490,Mikhail Yakubov,2000.0,10.0,20032004,21.620807665982205,0.17741743,0.26666666666666666
8468491,Pavel Vorobiev,2000.0,11.0,20032004,21.4072553045859,0.36980134,0.2222222222222222
8468492,Alexei Smirnov,2000.0,12.0,20022003,20.673511293634498,0.21813574,0.11363636363636363
8468493,Ron Hainsey,2000.0,13.0,20022003,21.522245037645447,0.24780668,0.0
8468494,Vaclav Nedorost,2000.0,14.0,20012002,19.54551676933607,0.21198142,0.16
8468496,Marcel Hossa,2000.0,16.0,20022003,20.969199178644764,0.3177089,0.38235294117647056
8468498,Brooks Orpik,2000.0,18.0,20032004,23.01163586584531,0.15171969,0.12658227848101267
8468499,Krys Kolanos,2000.0,19.0,20012002,20.18069815195072,0.3560111,0.38596491228070173
8468500,Alex Frolov,2000.0,20.0,20022003,20.28473648186174,0.36182204,0.3924050632911392
8468501,Anton Volchenkov,2000.0,21.0,20022003,20.5968514715948,0.29090956,0.2807017543859649
8468502,David Hale,2000.0,22.0,20032004,22.286105407255306,0.13841604,0.06153846153846154
8468504,Brad Boyes,2000.0,24.0,20052006,23.457905544147845,0.334614,0.8414634146341463
8468505,Steve Ott,2000.0,25.0,20022003,20.11772758384668,0.38067976,0.2692307692307692
8468506,Brian Sutherby,2000.0,26.0,20022003,20.58590006844627,0.2756551,0.1527777777777778
8468508,Justin Williams,2000.0,28.0,20002001,18.99247091033539,0.27371907,0.3968253968253968
8468509,Niklas Kronwall,2000.0,29.0,20032004,22.715947980835043,0.24715827,0.25
8468510,Jeff Taffe,2000.0,30.0,20022003,21.61259411362081,0.3634608,0.2
8468513,Nick Schultz,2000.0,33.0,20012002,19.10198494182067,0.20798415,0.19230769230769232
8468515,Brad Winchester,2000.0,35.0,20052006,24.58590006844627,0.20279999,0.05263157894736842
8468517,Andy Hilbert,2000.0,37.0,20032004,22.647501711156742,0.4206856,0.1111111111111111
8468518,Tomas Kopecky,2000.0,38.0,20062007,24.65160848733744,0.31220827,0.038461538461538464
8468520,Kurtis Foster,2000.0,40.0,20052006,23.852156057494867,0.20684738,0.4827586206896552
8468523,Matt Pettinger,2000.0,43.0,20012002,20.941820670773442,0.282005,0.16393442622950818
8468527,Jared Aulin,2000.0,47.0,20022003,20.54757015742642,0.36312556,0.23529411764705882
8468532,Shane Endicott,2000.0,52.0,20052006,23.7782340862423,0.24702668,0.04878048780487805
8468534,Andreas Lilja,2000.0,54.0,20012002,26.220396988364133,0.2308361,0.19230769230769232
8468535,Antoine Vermette,2000.0,55.0,20032004,21.19917864476386,0.34286004,0.24561403508771928
8468539,Ivan Huml,2000.0,59.0,20022003,21.06776180698152,0.31843734,0.4146341463414634
8468542,Paul Martin,2000.0,62.0,20032004,22.573579739904176,0.2696704,0.34285714285714286
8468548,Joel Lundqvist,2000.0,68.0,20062007,24.583162217659137,0.32996932,0.16666666666666666
8468554,Igor Radulov,2000.0,74.0,20032004,21.10609171800137,0.2644005,0.3055555555555556
8468558,Jozef Balej,2000.0,78.0,20032004,21.60438056125941,0.21144687,0.29411764705882354
8468560,Ryan Bayda,2000.0,80.0,20022003,21.809719370294317,0.37879673,0.56
8468561,Alexandre Kharitonov,2000.0,81.0,20002001,24.50650239561944,0.38089994,0.3333333333333333
8468568,Kurt Sauer,2000.0,88.0,20022003,21.7056810403833,0.13595615,0.0375
8468575,Dominic Moore,2000.0,95.0,20052006,25.16084873374401,0.25766858,0.21951219512195122
8468577,Niclas Wallin,2000.0,97.0,20002001,25.61259411362081,0.20518339,0.13513513513513514
8468578,Jonas Ronnqvist,2000.0,98.0,20002001,27.110198494182068,0.38472128,0.10526315789473684
8468598,Lubomir Visnovsky,2000.0,118.0,20002001,24.139630390143736,0.28694806,0.48148148148148145
8468604,Michel Ouellet,2000.0,124.0,20052006,23.575633127994525,0.26700273,0.64
8468611,Matt Hendricks,2000.0,131.0,20092010,28.290212183436,0.2508668,0.2857142857142857
8468612,Maxim Sushinsky,2000.0,132.0,20002001,26.253251197809718,0.39812934,0.36666666666666664
8468613,Petteri Nummelin,2000.0,133.0,20002001,27.849418206707735,0.4150869,0.26229508196721313
8468615,Michael Danton,2000.0,135.0,20022003,21.94387405886379,0.34706485,0.11764705882352941
8468626,David Koci,2000.0,146.0,20072008,26.38740588637919,0.11169371,0.0
8468635,Travis Moen,2000.0,155.0,20032004,21.48665297741273,0.16509111,0.07317073170731707
8468636,Greg Zanon,2000.0,156.0,20062007,26.321697467488022,0.2121212,0.12121212121212122
8468639,John-Michael Liles,2000.0,159.0,20032004,22.847364818617386,0.38823208,0.43037974683544306
8468647,Craig Weller,2000.0,167.0,20072008,26.54072553045859,0.15347499,0.1864406779661017
8468650,Erik Reitz,2000.0,170.0,20082009,26.17659137577002,0.23570572,0.047619047619047616
8468654,Jarno Kultanen,2000.0,174.0,20002001,27.72895277207392,0.2048197,0.16129032258064516
8468656,Jukka Hentunen,2000.0,176.0,20012002,27.41409993155373,0.38548982,0.23684210526315788
8468660,Darcy Hordichuk,2000.0,180.0,20012002,21.141683778234086,0.26562285,0.058823529411764705
8468674,Deryk Engelland,2000.0,194.0,20102011,28.49555099247091,0.13509896,0.15873015873015872
8468700,Paul Gaustad,2000.0,220.0,20052006,23.65776865160849,0.21829188,0.3076923076923077
8468704,Antti Miettinen,2000.0,224.0,20032004,23.24435318275154,0.42829794,0.0625
8468707,Guillaume Lefebvre,2000.0,227.0,20022003,21.401779603011637,0.25337505,0.23076923076923078
8468712,Lubomir Sekeras,2000.0,232.0,20002001,31.86858316221766,0.25927392,0.425
8468732,Darryl Bootland,2000.0,252.0,20032004,21.911019849418206,0.19514981,0.09090909090909091
8468745,Jean-Philippe Cote,2000.0,265.0,20132014,31.444216290212182,0.13004415,0.21052631578947367
8468747,Tomi Pettinen,2000.0,267.0,20052006,28.290212183436,0.19550575,0.0
8468748,Pavel Kolarik,2000.0,268.0,20002001,27.93702943189596,0.14929776,0.0
8468750,Micki Dupont,2000.0,270.0,20022003,22.46132785763176,0.28564015,0.1875
8468751,Reto Von Arx,2000.0,271.0,20002001,24.04928131416838,0.38477084,0.21052631578947367
8468753,Roman Simicek,2000.0,273.0,20002001,28.908966461327857,0.35669908,0.2631578947368421
8468770,Simon Gamache,2000.0,290.0,20052006,24.7419575633128,0.3326246,0.2692307692307692
8460836,Kevin Sawyer,,300.0,20012002,27.616700889801507,0.13686581,0.03508771929824561
8462535,Jody Shelley,,300.0,20012002,25.648186173853524,0.11227459,0.11538461538461539
8465977,Sergei Varlamov,,300.0,20012002,23.197809719370294,0.38424802,0.23076923076923078
8465992,Aaron Downey,,300.0,20012002,27.096509240246405,0.118580006,0.027777777777777776
8466393,Pascal Dupuis,,300.0,20012002,22.48596851471595,0.31352064,0.35526315789473684
8467054,Todd Rohloff,,300.0,20012002,27.707049965776864,0.09729708,0.0625
8467843,David Cullen,,300.0,20012002,24.752908966461327,0.26685706,0.0
8467937,Mike Zigomanis,2001.0,46.0,20022003,21.702943189596166,0.30311713,0.15789473684210525
8467962,Kyle Wanvig,2001.0,36.0,20052006,24.670773442847366,0.17683104,0.23529411764705882
8468224,Sean Avery,,300.0,20012002,21.475701574264203,0.2508211,0.1111111111111111
8468427,Brian Pothier,,300.0,20012002,24.462696783025326,0.25164098,0.2727272727272727
8468443,Jean-Pierre Vigier,,300.0,20012002,25.05407255304586,0.36070785,0.3333333333333333
8468478,Mike Weaver,,300.0,20012002,23.416837782340863,0.36984378,0.0625
8468789,Jason Williams,,300.0,20012002,21.138945927446954,0.41822264,0.4
8469454,Ilya Kovalchuk,2001.0,1.0,20012002,18.46406570841889,0.52731997,0.7846153846153846
8469455,Jason Spezza,2001.0,2.0,20022003,19.301848049281315,0.4476534,0.6363636363636364
8469456,Alexander Svitov,2001.0,3.0,20022003,19.90965092402464,0.39637634,0.12698412698412698
8469457,Stephen Weiss,2001.0,4.0,20022003,19.496235455167692,0.40641797,0.2727272727272727
8469458,Stanislav Chistov,2001.0,5.0,20022003,19.457905544147845,0.46448132,0.379746835443038
8469459,Mikko Koivu,2001.0,6.0,20052006,22.55715263518138,0.2701338,0.328125
8469460,Mike Komisarek,2001.0,7.0,20022003,20.698151950718685,0.24853303,0.047619047619047616
8469462,Tuomo Ruutu,2001.0,9.0,20032004,20.621492128678987,0.4435291,0.5365853658536586
8469464,Fredrik Sjostrom,2001.0,11.0,20032004,20.40520191649555,0.21252492,0.22807017543859648
8469465,Dan Hamhuis,2001.0,12.0,20032004,20.799452429842574,0.21574616,0.325
8469466,Ales Hemsky,2001.0,13.0,20022003,19.134839151266256,0.40948698,0.5084745762711864
8469467,Chuck Kobasew,2001.0,14.0,20022003,20.45722108145106,0.21122257,0.2608695652173913
8469469,R.J. Umberger,2001.0,16.0,20052006,23.41409993155373,0.28020093,0.5205479452054794
8469470,Carlo Colaiacovo,2001.0,17.0,20052006,22.677618069815196,0.21111877,0.3333333333333333
8469472,Shaone Morrisonn,2001.0,19.0,20032004,20.772073921971252,0.1898557,0.24242424242424243
8469473,Marcel Goc,2001.0,20.0,20052006,22.105407255304584,0.27958685,0.2716049382716049
8469474,Colby Armstrong,2001.0,21.0,20052006,22.855578370978783,0.285777,0.851063829787234
8469475,Jiri Novotny,2001.0,22.0,20062007,23.137577002053387,0.2787447,0.27941176470588236
8469476,Tim Gleason,2001.0,23.0,20032004,20.670773442847366,0.1854179,0.14893617021276595
8469477,Lukas Krajicek,2001.0,24.0,20032004,20.55852156057495,0.20856825,0.3888888888888889
8469478,Alexander Perezhogin,2001.0,25.0,20052006,22.143737166324435,0.3690871,0.2835820895522388
8469480,Jeff Woywitka,2001.0,27.0,20052006,22.083504449007528,0.14875145,0.07692307692307693
8469483,David Steckel,2001.0,30.0,20072008,25.54688569472964,0.25582486,0.1791044776119403
8469484,Matthew Spiller,2001.0,31.0,20032004,20.646132785763175,0.11257031,0.0
8469485,Derek Roy,2001.0,32.0,20032004,20.410677618069816,0.32069367,0.3877551020408163
8469486,Timofei Shishkanov,2001.0,33.0,20052006,22.310746064339494,0.23271868,0.22727272727272727
8469488,Mark Popovic,2001.0,35.0,20072008,24.971937029431896,0.2334913,0.06060606060606061
8469490,Tim Jackman,2001.0,38.0,20032004,21.87816563997262,0.13865867,0.15789473684210525
8469491,Karel Pilar,2001.0,39.0,20012002,23.772758384668034,0.22852986,0.17391304347826086
8469492,Fedor Tyutin,2001.0,40.0,20032004,20.202600958247775,0.18018582,0.28
8469500,Michael Cammalleri,2001.0,49.0,20022003,20.314852840520192,0.34749055,0.2857142857142857
8469501,Chris Thorburn,2001.0,50.0,20062007,23.329226557152634,0.21881048,0.1282051282051282
8469502,Jaroslav Bednar,2001.0,51.0,20012002,24.892539356605067,0.3868425,0.2727272727272727
8469505,Noah Welch,2001.0,54.0,20062007,24.098562628336754,0.15881006,0.125
8469506,Jason Pominville,2001.0,55.0,20052006,22.836413415468858,0.33833373,0.5263157894736842
8469508,Jay McClement,2001.0,57.0,20052006,22.584531143052704,0.25257564,0.40298507462686567
8469510,Matt Keith,2001.0,59.0,20032004,20.473648186173854,0.22296067,0.25
8469515,Tomas Malec,2001.0,64.0,20022003,20.386036960985628,0.17019956,0.04878048780487805
8469516,Brendan Bell,2001.0,65.0,20062007,23.50444900752909,0.23772582,0.15555555555555556
8469521,Tomas Plekanec,2001.0,71.0,20052006,22.91854893908282,0.27966836,0.43283582089552236
8469528,Garth Murray,2001.0,79.0,20032004,21.037645448323065,0.2246969,0.05
8469531,Jay Harrison,2001.0,82.0,20092010,26.910335386721425,0.1698549,0.15789473684210525
8469534,Aaron Johnson,2001.0,85.0,20032004,20.421629021218344,0.2198815,0.27586206896551724
8469542,Stephane Veilleux,2001.0,93.0,20022003,20.87337440109514,0.2255283,0.13157894736842105
8469543,Evgeny Artyukhin,2001.0,94.0,20082009,25.49486652977413,0.1525672,0.2191780821917808
8469544,Patrick Sharp,2001.0,95.0,20032004,21.760438056125942,0.29754534,0.17073170731707318
8469547,Jordin Tootoo,2001.0,98.0,20032004,20.659822039698838,0.3261762,0.11428571428571428
8469551,Timo Parssinen,2001.0,102.0,20012002,24.698151950718685,0.36728874,0.17647058823529413
8469555,Christian Ehrhoff,2001.0,106.0,20032004,21.23750855578371,0.24318494,0.2926829268292683
8469568,Tomas Surovy,2001.0,120.0,20022003,21.018480492813143,0.29141703,0.4230769230769231
8469575,Christoph Schubert,2001.0,127.0,20062007,24.65160848733744,0.13904226,0.3125
8469581,Kyle Wellwood,2001.0,134.0,20052006,22.379192334017795,0.35430944,0.5555555555555556
8469582,Colin Stuart,2001.0,135.0,20072008,25.232032854209447,0.1876554,0.2777777777777778
8469584,Joel Perrault,2001.0,137.0,20062007,23.488021902806295,0.3283069,0.11538461538461539
8469587,Tomas Plihal,2001.0,140.0,20072008,24.511978097193705,0.18498862,0.13636363636363635
8469591,Cody McCormick,2001.0,144.0,20032004,20.45448323066393,0.20612851,0.11363636363636363
8469598,Kevin Bieksa,2001.0,151.0,20052006,24.292950034223136,0.20360065,0.15384615384615385
8469610,Andreas Salomonsson,2001.0,163.0,20012002,27.783709787816566,0.26534328,0.23076923076923078
8469615,Maxim Kondratiev,2001.0,168.0,20052006,22.69678302532512,0.1508232,0.10344827586206896
8469619,Dennis Seidenberg,2001.0,172.0,20022003,21.204654346338124,0.20729937,0.22413793103448276
8469622,Ryane Clowe,2001.0,175.0,20052006,23.003422313483917,0.2863414,0.1111111111111111
8469623,Marek Zidlicky,2001.0,176.0,20032004,26.65571526351814,0.3264371,0.6463414634146342
8469626,Andrew Alberts,2001.0,179.0,20052006,24.254620123203285,0.13826379,0.0958904109589041
8469629,Tom Cavanagh,2001.0,182.0,20082009,26.524298425735797,0.22152181,0.11764705882352941
8469638,Jussi Jokinen,2001.0,192.0,20052006,22.50239561943874,0.36164168,0.6790123456790124
8469639,Brooks Laich,2001.0,193.0,20052006,22.275154004106778,0.22732201,0.2876712328767123
8469647,Derek Boogaard,2001.0,202.0,20052006,23.274469541409992,0.1032664,0.09230769230769231
8469656,Jason King,2001.0,212.0,20032004,22.04517453798768,0.3027902,0.44680851063829785
8469664,David Moss,2001.0,220.0,20062007,24.758384668035593,0.25094974,0.43902439024390244
8469665,Johnny Oduya,2001.0,221.0,20062007,24.999315537303218,0.2534541,0.14473684210526316
8469666,Brandon Bochenski,2001.0,223.0,20052006,23.49349760438056,0.3660854,0.425
8469670,Marek Svatos,2001.0,227.0,20052006,23.290896646132786,0.26472178,0.819672131147541
8469672,Aaron Voros,2001.0,229.0,20072008,26.247775496235455,0.1681416,0.2545454545454545
8469681,Ryan Hollweg,2001.0,238.0,20052006,22.442162902121833,0.13393907,0.09615384615384616
8469684,Milan Jurcina,2001.0,241.0,20052006,22.31895961670089,0.10846869,0.21568627450980393
8469685,Andrew Murray,2001.0,242.0,20072008,25.900068446269678,0.13903159,0.2564102564102564
8469696,Petr Cajanek,2001.0,253.0,20022003,27.121149897330596,0.33335447,0.7450980392156863
8469701,Dmitri Bykov,2001.0,258.0,20022003,25.4072553045859,0.15594782,0.16901408450704225
8469707,PA Parenteau,2001.0,264.0,20092010,26.524298425735797,0.34721896,0.36363636363636365
8469710,Ivan Majesky,2001.0,267.0,20022003,26.078028747433265,0.18982096,0.14634146341463414
8469714,Mikko Lehtonen,2001.0,271.0,20062007,28.303901437371664,0.19284582,0.2
8469715,Ales Pisa,2001.0,272.0,20022003,25.744010951403148,0.1657141,0.0784313725490196
8466381,Derrick Walser,,300.0,20022003,24.38877481177276,0.31396466,0.32075471698113206
8467658,Dan Snyder,,300.0,20022003,24.602327173169062,0.2654339,0.3888888888888889
8468150,Lynn Loyns,,300.0,20022003,21.60438056125941,0.18442528,0.15789473684210525
8468162,Jerred Smithson,,300.0,20022003,23.655030800821354,0.13692893,0.09090909090909091
8468213,Jim Vandermeer,,300.0,20022003,22.60917180013689,0.14818642,0.125
8468252,Eric Godard,,300.0,20022003,22.56810403832991,0.13664109,0.0
8468526,Jarret Stoll,2002.0,36.0,20032004,21.270362765229294,0.29628745,0.3088235294117647
8468695,Matthew Lombardi,2002.0,90.0,20032004,21.53867214236824,0.33725923,0.3670886075949367
8468927,Steve Montador,,300.0,20022003,22.77891854893908,0.18633378,0.04
8469442,Duvie Westcott,,300.0,20022003,24.919917864476385,0.19283018,0.1794871794871795
8469733,Cam Paddock,2002.0,137.0,20082009,25.530458590006845,0.19728063,0.1875
8469755,Brandon Segal,2002.0,102.0,20092010,26.223134839151268,0.22749305,0.2727272727272727
8469759,Vernon Fiddler,,300.0,20022003,22.39561943874059,0.22406933,0.3157894736842105
8469770,Dennis Wideman,2002.0,241.0,20052006,22.535249828884325,0.23997813,0.3582089552238806
8469997,Mark Hartigan,,300.0,20022003,24.960985626283367,0.3887089,0.30434782608695654
8470030,Lasse Pirjeta,2002.0,133.0,20022003,28.49281314168378,0.30961362,0.4117647058823529
8470039,Tomas Fleischmann,2002.0,63.0,20062007,22.376454483230663,0.3908498,0.27586206896551724
8470041,Rick Nash,2002.0,1.0,20022003,18.29158110882957,0.30113766,0.527027027027027
8470047,Valtteri Filppula,2002.0,95.0,20062007,22.532511978097194,0.38055125,0.2328767123287671
8470054,Keith Ballard,2002.0,11.0,20052006,22.847364818617386,0.19129293,0.47560975609756095
8470058,Staffan Kronwall,2002.0,285.0,20052006,23.058179329226558,0.16090332,0.029411764705882353
8470061,Derek Meech,2002.0,229.0,20072008,23.444216290212182,0.1770882,0.09375
8470063,Adam Burish,2002.0,282.0,20072008,24.733744010951405,0.1928609,0.09876543209876543
8470064,Steven Goertzen,2002.0,225.0,20052006,21.349760438056126,0.14975181,0.0
8470065,Ryan Craig,2002.0,255.0,20052006,23.734428473648187,0.24006619,0.5833333333333334
8470072,Petr Prucha,2002.0,240.0,20052006,23.04722792607803,0.26865774,0.6911764705882353
8470085,Paul Ranger,2002.0,183.0,20052006,21.05133470225873,0.17235513,0.23684210526315788
8470086,Joe Callahan,2002.0,70.0,20082009,25.782340862423,0.14302354,0.1111111111111111
8470088,Matt Jones,2002.0,80.0,20052006,22.1492128678987,0.13937366,0.125
8470101,Tim Conboy,2002.0,217.0,20072008,25.527720739219713,0.11330576,0.2631578947368421
8470104,Tom Gilbert,2002.0,129.0,20072008,24.722792607802873,0.22914632,0.4024390243902439
8470105,Scottie Upshall,2002.0,6.0,20052006,21.984941820670773,0.30543873,0.4791666666666667
8470110,Trevor Daley,2002.0,43.0,20032004,19.978097193702943,0.20612973,0.2222222222222222
8470113,John Zeiler,2002.0,132.0,20062007,23.860369609856264,0.2553781,0.13043478260869565
8470120,Alexander Semin,2002.0,13.0,20032004,19.578370978781656,0.23134309,0.4230769230769231
8470121,Matt Greene,2002.0,44.0,20052006,22.38740588637919,0.10095005,0.07407407407407407
8470123,Cam Janssen,2002.0,117.0,20052006,21.462012320328544,0.14685293,0.0
8470131,Dwight Helminen,2002.0,244.0,20082009,25.27857631759069,0.37695393,0.08695652173913043
8470134,Jakub Klepis,2002.0,16.0,20052006,21.322381930184804,0.22310038,0.16
8470136,Nathan Oystrick,2002.0,198.0,20082009,25.790554414784395,0.18965602,0.22641509433962265
8470137,Joni Pitkanen,2002.0,4.0,20032004,20.032854209445585,0.32281145,0.38028169014084506
8470144,Frans Nielsen,2002.0,87.0,20062007,22.43668720054757,0.22739738,0.13333333333333333
8470151,Jay Bouwmeester,2002.0,3.0,20022003,19.01163586584531,0.25781426,0.1951219512195122
8470152,Joakim Lindstrom,2002.0,41.0,20072008,23.822039698836413,0.34541255,0.28
8470153,Pierre-Marc Bouchard,2002.0,8.0,20022003,18.428473648186174,0.40086716,0.4
8470156,Joey Crabb,2002.0,226.0,20082009,25.49760438056126,0.17043737,0.3103448275862069
8470159,Boyd Gordon,2002.0,17.0,20032004,19.95071868583162,0.38545468,0.14634146341463414
8470162,Matt Stajan,2002.0,57.0,20032004,19.783709787816566,0.37377217,0.391304347826087
8470165,Matt Foy,2002.0,175.0,20052006,22.373716632443532,0.19257373,0.2631578947368421
8470169,Gregory Campbell,2002.0,67.0,20052006,21.790554414784395,0.22112098,0.140625
8470170,Ole-Kristian Tollefsen,2002.0,65.0,20062007,22.507871321013006,0.13738687,0.07142857142857142
8470171,Max Talbot,2002.0,234.0,20052006,21.637234770704996,0.17451614,0.16666666666666666
8470172,Christoph Brandner,2002.0,237.0,20032004,28.40246406570842,0.2853136,0.2571428571428571
8470176,Sean Bergenheim,2002.0,22.0,20032004,19.644079397672826,0.1963232,0.1111111111111111
8470180,Eric Nystrom,2002.0,10.0,20072008,24.62696783025325,0.2916052,0.22727272727272727
8470185,Jaroslav Balastik,2002.0,184.0,20052006,25.842573579739906,0.28051752,0.3333333333333333
8470187,Johnny Boychuk,2002.0,61.0,20092010,25.700205338809035,0.25797567,0.29411764705882354
8470189,David Van Der Gulik,2002.0,206.0,20112012,28.449007529089666,0.26924467,0.24
8470192,Steve Eminger,2002.0,12.0,20022003,18.91854893908282,0.20976107,0.11764705882352941
8470201,Jiri Hudler,2002.0,58.0,20062007,22.740588637919235,0.39864734,0.32894736842105265
8470203,Greg Mauldin,2002.0,199.0,20102011,28.309377138945926,0.25956708,0.3448275862068966
8470207,Joffrey Lupul,2002.0,7.0,20032004,20.021902806297057,0.36697534,0.4533333333333333
8470222,James Wisniewski,2002.0,156.0,20052006,21.609856262833677,0.18793462,0.3684210526315789
8470223,Yan Stastny,2002.0,259.0,20052006,23.003422313483917,0.38624224,0.2
8470225,Ilkka Pikkarainen,2002.0,218.0,20092010,28.451745379876797,0.26991904,0.12903225806451613
8470230,Daniel Paille,2002.0,20.0,20062007,22.46132785763176,0.3086319,0.3793103448275862
8470232,Kris Newbury,2002.0,139.0,20062007,24.61327857631759,0.26890656,0.26666666666666666
8470244,Matt Ellison,2002.0,128.0,20052006,21.815195071868583,0.31759557,0.41935483870967744
8470257,Alexander Steen,2002.0,24.0,20052006,21.585215605749486,0.23644798,0.6
8470265,Anton Babchuk,2002.0,21.0,20052006,21.404517453798768,0.19361854,0.2564102564102564
8470268,Denis Grebeshkov,2002.0,18.0,20052006,21.973990417522245,0.32767397,0.1724137931034483
8470273,Ian White,2002.0,191.0,20062007,22.324435318275153,0.32047606,0.34210526315789475
8470274,Chris Higgins,2002.0,14.0,20052006,22.33264887063655,0.30535617,0.475
8470280,Ben Eager,2002.0,23.0,20052006,21.691991786447637,0.14719336,0.32
8470281,Duncan Keith,2002.0,54.0,20052006,22.21218343600274,0.18056697,0.25925925925925924
8470289,Jim Slater,2002.0,30.0,20052006,22.811772758384667,0.3223153,0.28169014084507044
8470294,DJ King,2002.0,190.0,20062007,22.261464750171115,0.12861791,0.07407407407407407
8470299,Erik Christensen,2002.0,69.0,20052006,21.790554414784395,0.2139264,0.3939393939393939
8470301,Andre Deveaux,2002.0,182.0,20082009,24.605065023956193,0.10451425,0.047619047619047616
8470302,Patrick Dwyer,2002.0,116.0,20092010,26.27789185489391,0.30270037,0.20689655172413793
8470303,Tom Koivisto,2002.0,253.0,20022003,28.32580424366872,0.2787891,0.2727272727272727
8470305,Rob Globke,2002.0,40.0,20052006,22.937713894592743,0.14259753,0.05555555555555555
8470309,Ryan Whitney,2002.0,5.0,20052006,22.614647501711158,0.26110062,0.5588235294117647
8470310,Aaron Rome,2002.0,104.0,20072008,24.01095140314853,0.14769886,0.11764705882352941
8470317,Nate Guenin,2002.0,127.0,20112012,28.80766598220397,0.11026448,0.13333333333333333
8470318,Jonathan Ericsson,2002.0,291.0,20082009,24.583162217659137,0.17829679,0.21052631578947367
8460931,Doug Doull,,300.0,20032004,29.336071184120467,0.1959499,0.02857142857142857
8467025,Garrett Burnett,,300.0,20032004,28.021902806297057,0.09341104,0.07692307692307693
8468436,Mike Green,,300.0,20032004,24.10677618069815,0.32523835,0.16666666666666666
8468466,Mark Rycroft,,300.0,20032004,25.22108145106092,0.24495746,0.29577464788732394
8468798,Darcy Verot,,300.0,20032004,27.21697467488022,0.13404866,0.05405405405405406
8469044,Wade Brookbank,,300.0,20032004,26.0041067761807,0.28290612,0.06896551724137931
8469509,Nathan Paetsch,2003.0,202.0,20062007,23.50718685831622,0.29324207,0.38095238095238093
8469760,Zbynek Michalek,,300.0,20032004,20.772073921971252,0.16056864,0.09090909090909091
8469765,Marc-Andre Bergeron,,300.0,20032004,22.965092402464066,0.28112403,0.48148148148148145
8470543,Chris Kunitz,,300.0,20032004,24.01368925393566,0.40358633,0.2857142857142857
8470549,Peter Sejna,,300.0,20032004,23.98904859685147,0.3746792,0.2
8470575,Tom Preissing,,300.0,20032004,24.826830937713893,0.34932464,0.2753623188405797
8470580,Jed Ortmeyer,,300.0,20032004,25.075975359342916,0.27582315,0.10344827586206896
8470595,Eric Staal,2003.0,2.0,20032004,18.921286789869953,0.45127466,0.38271604938271603
8470596,Nathan Horton,2003.0,3.0,20032004,18.340862422997947,0.281155,0.4
8470597,Nikolay Zherdev,2003.0,4.0,20032004,18.902121834360027,0.36137226,0.5964912280701754
8470598,Thomas Vanek,2003.0,5.0,20052006,21.700205338809035,0.36556727,0.5925925925925926
8470599,Milan Michalek,2003.0,6.0,20052006,20.815879534565365,0.27639216,0.43209876543209874
8470600,Ryan Suter,2003.0,7.0,20052006,20.692676249144423,0.23262884,0.22535211267605634
8470601,Braydon Coburn,2003.0,8.0,20062007,21.590691307323752,0.18783106,0.22448979591836735
8470602,Dion Phaneuf,2003.0,9.0,20052006,20.476386036960985,0.203725,0.5975609756097561
8470603,Andrei Kostitsyn,2003.0,10.0,20062007,21.65639972621492,0.29546928,0.5
8470604,Jeff Carter,2003.0,11.0,20052006,20.747433264887064,0.2569851,0.5185185185185185
8470606,Dustin Brown,2003.0,13.0,20032004,18.90485968514716,0.29418027,0.16129032258064516
8470607,Brent Seabrook,2003.0,14.0,20052006,20.449007529089666,0.17291906,0.463768115942029
8470608,Robert Nilsson,2003.0,15.0,20052006,20.722792607802873,0.25222638,0.37735849056603776
8470609,Steve Bernier,2003.0,16.0,20052006,20.503764544832308,0.21531188,0.6923076923076923
8470610,Zach Parise,2003.0,17.0,20052006,21.177275838466805,0.36455575,0.3950617283950617
8470611,Eric Fehr,2003.0,18.0,20072008,22.064339493497606,0.33673227,0.2608695652173913
8470612,Ryan Getzlaf,2003.0,19.0,20052006,20.39425051334702,0.21585101,0.6842105263157895
8470613,Brent Burns,2003.0,20.0,20032004,18.562628336755647,0.18011732,0.16666666666666666
8470614,Mark Stuart,2003.0,21.0,20052006,21.429158110882955,0.17391439,0.11764705882352941
8470615,Marc-Antoine Pouliot,2003.0,22.0,20062007,21.360711841204655,0.3156557,0.2391304347826087
8470616,Ryan Kesler,2003.0,23.0,20032004,19.082819986310746,0.27593052,0.17857142857142858
8470617,Mike Richards,2003.0,24.0,20052006,20.635181382614647,0.32565027,0.43037974683544306
8470618,Anthony Stewart,2003.0,25.0,20072008,22.73511293634497,0.21158141,0.038461538461538464
8470619,Brian Boyle,2003.0,26.0,20082009,23.786447638603697,0.2566892,0.17857142857142858
8470620,Jeff Tambellini,2003.0,27.0,20052006,21.467488021902806,0.38819847,0.16
8470621,Corey Perry,2003.0,28.0,20052006,20.37782340862423,0.35036463,0.44642857142857145
8470622,Patrick Eaves,2003.0,29.0,20052006,21.418206707734427,0.38104492,0.5
8470624,Danny Richmond,2003.0,31.0,20052006,21.166324435318277,0.18733099,0.05
8470625,Ryan Stone,2003.0,32.0,20092010,24.53388090349076,0.2457545,0.2222222222222222
8470626,Loui Eriksson,2003.0,33.0,20062007,21.207392197125255,0.36748087,0.3220338983050847
8470630,Kevin Klein,2003.0,37.0,20082009,23.800136892539356,0.19234736,0.19047619047619047
8470631,Kamil Kreps,2003.0,38.0,20072008,22.86652977412731,0.32154512,0.32894736842105265
8470634,Matt Smaby,2003.0,41.0,20082009,23.964407939767284,0.11741451,0.09302325581395349
8470635,Petr Vrana,2003.0,42.0,20082009,23.509924709103355,0.35568646,0.0625
8470637,Konstantin Pushkarev,2003.0,44.0,20062007,21.631759069130734,0.34849003,0.25
8470638,Patrice Bergeron,2003.0,45.0,20032004,18.187542778918548,0.27695775,0.5492957746478874
8470639,Dan Fritsche,2003.0,46.0,20032004,18.217659137577,0.28412148,0.05263157894736842
8470640,Matt Carle,2003.0,47.0,20062007,22.015058179329227,0.36800954,0.5454545454545454
8470642,Shea Weber,2003.0,49.0,20052006,20.13141683778234,0.15385929,0.35714285714285715
8470644,Colin McDonald,2003.0,51.0,20122013,28.00273785078713,0.22915989,0.37777777777777777
8470647,B.J. Crombeen,2003.0,54.0,20082009,23.227926078028748,0.22229022,0.2716049382716049
8470648,Stefan Meyer,2003.0,55.0,20102011,25.19917864476386,0.1654846,0.125
8470649,Patrick O'Sullivan,2003.0,56.0,20062007,21.661875427789184,0.43107125,0.4318181818181818
8470651,Jeremy Colliton,2003.0,58.0,20052006,20.71457905544148,0.20912291,0.10526315789473684
8470652,Michal Barinka,2003.0,59.0,20052006,21.30321697467488,0.14823683,0.04
8470654,Maxim Lapierre,2003.0,61.0,20062007,21.508555783709788,0.2328724,0.2608695652173913
8470655,David Backes,2003.0,62.0,20062007,22.417522245037645,0.25905085,0.46938775510204084
8470661,Jean-Francois Jacques,2003.0,68.0,20062007,21.423682409308693,0.29265702,0.0
8470662,Colin Fraser,2003.0,69.0,20082009,23.67419575633128,0.27090254,0.20987654320987653
8470666,Daniel Carcillo,2003.0,73.0,20062007,21.672826830937716,0.24114957,0.3888888888888889
8470667,Clarke MacArthur,2003.0,74.0,20062007,21.48665297741273,0.35212538,0.3684210526315789
8470672,Ryan O'Byrne,2003.0,79.0,20072008,23.200547570157426,0.12350386,0.21212121212121213
8470674,Stefan Ruzicka,2003.0,81.0,20062007,21.61806981519507,0.32182065,0.325
8470678,Alexandre Picard,2003.0,85.0,20062007,21.240246406570844,0.19944225,0.3548387096774194
8470680,Ryan Potulny,2003.0,87.0,20062007,22.069815195071868,0.42193213,0.34285714285714286
8470685,Alexander Sulzer,2003.0,92.0,20092010,25.338809034907598,0.267298,0.1
8470687,Zack Stortini,2003.0,94.0,20062007,21.05407255304586,0.14831842,0.034482758620689655
8470697,Philippe Dupuis,2003.0,104.0,20102011,25.437371663244353,0.22627626,0.22972972972972974
8470699,Jan Hejda,2003.0,106.0,20062007,28.28747433264887,0.15761958,0.23076923076923078
8470700,Byron Bitz,2003.0,107.0,20082009,24.197125256673512,0.1962012,0.2
8470713,Paul Bissonnette,2003.0,121.0,20082009,23.55920602327173,0.122087166,0.06666666666666667
8470714,Corey Potter,2003.0,122.0,20112012,27.737166324435318,0.1851219,0.3387096774193548
8470719,Alexandre Bolduc,2003.0,127.0,20092010,24.265571526351813,0.21938393,0.0
8470724,Kyle Quincey,2003.0,132.0,20082009,23.137577002053387,0.15655705,0.5277777777777778
8470729,Tyson Strachan,2003.0,137.0,20082009,23.920602327173167,0.13610834,0.1
8470740,Lee Stempniak,2003.0,148.0,20052006,22.65571526351814,0.3633279,0.47368421052631576
8470741,Nigel Dawes,2003.0,149.0,20072008,22.639288158795345,0.3563953,0.47540983606557374
8470743,Lasse Kukkonen,2003.0,151.0,20062007,25.034907597535934,0.2769003,0.1891891891891892
8470750,John Mitchell,2003.0,158.0,20082009,23.690622861054074,0.28611124,0.3815789473684211
8470755,Brad Richardson,2003.0,163.0,20052006,20.654346338124572,0.35328764,0.3170731707317073
8470760,Marc Methot,2003.0,168.0,20062007,21.27857631759069,0.14822921,0.2
8470766,Esa Pirnes,2003.0,174.0,20032004,26.49965776865161,0.29722205,0.19298245614035087
8470774,Bruno Gervais,2003.0,182.0,20052006,20.993839835728952,0.22449122,0.25925925925925924
8470775,Nate Thompson,2003.0,183.0,20082009,23.98904859685147,0.2510966,0.09302325581395349
8470778,Drew Miller,2003.0,186.0,20072008,23.619438740588638,0.26732334,0.19230769230769232
8470780,Mark Flood,2003.0,188.0,20112012,27.003422313483917,0.24955258,0.21212121212121213
8470794,Joe Pavelski,2003.0,205.0,20062007,22.223134839151268,0.37286273,0.6086956521739131
8470798,Dylan Reese,2003.0,209.0,20092010,25.089664613278575,0.18476772,0.21052631578947367
8470803,Kyle Brodziak,2003.0,214.0,20072008,23.351129363449694,0.3157597,0.3875
8470804,Mathieu Roy,2003.0,215.0,20062007,23.143052703627653,0.20022342,0.125
8470809,Jeremy Williams,2003.0,220.0,20072008,23.679671457905545,0.29533386,0.1111111111111111
8470816,Jay Rosehill,2003.0,227.0,20092010,24.210814510609172,0.13763252,0.13333333333333333
8470828,Toby Enstrom,2003.0,239.0,20072008,22.902121834360027,0.3341665,0.4634146341463415
8470834,Dustin Byfuglien,2003.0,245.0,20052006,20.514715947980836,0.14342491,0.2
8470839,Shane O'Brien,2003.0,250.0,20062007,23.145790554414784,0.2513982,0.2
8470843,Nathan McIver,2003.0,254.0,20072008,22.732375085557837,0.1454161,0.0
8470852,Matt Moulson,2003.0,263.0,20072008,23.915126625598905,0.2971976,0.4090909090909091
8470854,Tanner Glass,2003.0,265.0,20072008,23.838466803559207,0.2191022,0.04878048780487805
8470867,Troy Bodie,2003.0,278.0,20092010,24.681724845995895,0.18887337,0.1590909090909091
8470871,Chris Porter,2003.0,282.0,20102011,26.340862422997947,0.18742174,0.15555555555555556
8470876,Nick Tarnasky,2003.0,287.0,20062007,21.848049281314168,0.21752317,0.11688311688311688
8470877,David Jones,2003.0,288.0,20072008,23.140314852840522,0.33626977,0.2222222222222222
8468309,Mark Streit,2004.0,262.0,20052006,27.805612594113622,0.3926427,0.22916666666666666
8470283,Tim Brent,2004.0,75.0,20062007,22.559890485968516,0.32720655,0.06666666666666667
8470329,Chris Campoli,2004.0,227.0,20052006,21.229295003422312,0.29662487,0.425
8470886,Clayton Stoner,2004.0,79.0,20102011,25.61259411362081,0.17037383,0.15789473684210525
8471214,Alex Ovechkin,2004.0,1.0,20052006,20.03832991101985,0.46859583,1.308641975308642
8471215,Evgeni Malkin,2004.0,2.0,20062007,20.16974674880219,0.46874392,1.0897435897435896
8471216,Cam Barker,2004.0,3.0,20062007,20.49281314168378,0.21671855,0.22857142857142856
8471217,Andrew Ladd,2004.0,4.0,20052006,19.802874743326488,0.2492326,0.3793103448275862
8471218,Blake Wheeler,2004.0,5.0,20082009,22.086242299794662,0.32326466,0.5555555555555556
8471220,Rostislav Olesz,2004.0,7.0,20052006,19.975359342915812,0.20895863,0.3559322033898305
8471221,Alexandre Picard,2004.0,8.0,20052006,19.978097193702943,0.33948183,0.0
8471222,Ladislav Smid,2004.0,9.0,20062007,20.66255989048597,0.25421092,0.12987012987012986
8471223,Boris Valabik,2004.0,10.0,20082009,22.628336755646817,0.16138999,0.1
8471226,Drew Stafford,2004.0,13.0,20062007,20.919917864476385,0.35817254,0.6585365853658537
8471228,Alexander Radulov,2004.0,15.0,20062007,20.240930869267626,0.41646165,0.578125
8471229,Petteri Nokelainen,2004.0,16.0,20052006,19.707049965776864,0.31172228,0.13333333333333333
8471231,Kyle Chipchura,2004.0,18.0,20072008,21.61259411362081,0.2665554,0.3055555555555556
8471232,Lauri Korpikoski,2004.0,19.0,20082009,22.17932922655715,0.36133718,0.20588235294117646
8471233,Travis Zajac,2004.0,20.0,20062007,21.385352498288842,0.35831073,0.525
8471234,Wojtek Wolski,2004.0,21.0,20062007,20.59958932238193,0.37047455,0.6578947368421053
8471236,Andrej Meszaros,2004.0,23.0,20052006,19.967145790554415,0.20143126,0.47560975609756095
8471238,Rob Schremp,2004.0,25.0,20092010,23.252566735112936,0.2912526,0.5681818181818182
8471240,Jeff Schultz,2004.0,27.0,20062007,20.5968514715948,0.17038576,0.07894736842105263
8471241,Mark Fistric,2004.0,28.0,20072008,21.333333333333332,0.17284177,0.05405405405405406
8471242,Mike Green,2004.0,29.0,20052006,19.969883641341546,0.2602726,0.13636363636363635
8471245,Dave Bolland,2004.0,32.0,20072008,21.322381930184804,0.35175392,0.4358974358974359
8471246,Chris Bourque,2004.0,33.0,20092010,23.67145790554415,0.38236982,0.14285714285714285
8471254,Bryan Bickell,2004.0,41.0,20092010,23.564681724845997,0.19062276,0.25
8471260,Blake Comeau,2004.0,47.0,20072008,21.61533196440794,0.31584045,0.29411764705882354
8471262,Carl Soderberg,2004.0,49.0,20132014,27.969883641341546,0.39961728,0.6575342465753424
8471263,Enver Lisin,2004.0,50.0,20062007,20.4435318275154,0.2524072,0.11764705882352941
8471266,David Booth,2004.0,53.0,20062007,21.8507871321013,0.2972017,0.20833333333333334
8471268,Victor Oreskovich,2004.0,55.0,20092010,23.129363449691994,0.27285528,0.12
8471269,Nicklas Grossmann,2004.0,56.0,20072008,22.688569472963724,0.13036296,0.11290322580645161
8471273,Brandon Dubinsky,2004.0,60.0,20072008,21.423682409308693,0.28032282,0.4878048780487805
8471274,Alex Goligoski,2004.0,61.0,20082009,23.173169062286107,0.35052457,0.4444444444444444
8471276,David Krejci,2004.0,63.0,20072008,21.426420260095824,0.38833448,0.48214285714285715
8471277,Martins Karsums,2004.0,64.0,20082009,22.595482546201232,0.3291895,0.25
8471279,Sami Lepisto,2004.0,66.0,20092010,24.955509924709105,0.25881425,0.16666666666666666
8471280,Nick Johnson,2004.0,67.0,20112012,25.76865160848734,0.2749844,0.33766233766233766
8471283,Brandon Prust,2004.0,70.0,20082009,24.54483230663929,0.19915782,0.08333333333333333
8471284,Andrej Sekera,2004.0,71.0,20072008,21.31416837782341,0.20018189,0.21621621621621623
8471290,Peter Olvecky,2004.0,78.0,20082009,22.973305954825463,0.2621479,0.22580645161290322
8471296,Alexei Emelin,2004.0,84.0,20112012,25.43463381245722,0.2676319,0.1044776119402985
8471299,Peter Regin,2004.0,87.0,20092010,23.460643394934976,0.3242272,0.38666666666666666
8471303,Alexander Edler,2004.0,91.0,20062007,20.44626967830253,0.2291974,0.13636363636363635
8471309,Johan Franzen,2004.0,97.0,20052006,25.7741273100616,0.21527496,0.2
8471310,Dustin Boyd,2004.0,98.0,20072008,21.21013004791239,0.36774382,0.25
8471311,Tyler Kennedy,2004.0,99.0,20072008,21.21286789869952,0.40283176,0.34545454545454546
8471312,JT Wyman,2004.0,100.0,20112012,25.590691307323752,0.2343473,0.275
8471314,Mike Lundin,2004.0,102.0,20072008,23.017111567419576,0.203293,0.07407407407407407
8471321,Brett Carson,2004.0,109.0,20092010,23.838466803559207,0.23331808,0.2222222222222222
8471323,Ryan Jones,2004.0,111.0,20082009,24.298425735797398,0.32231155,0.3695652173913043
8471324,Liam Reddox,2004.0,112.0,20082009,22.677618069815196,0.33527267,0.2608695652173913
8471326,Patrick Bordeleau,2004.0,114.0,20122013,26.527036276522928,0.11493363,0.10869565217391304
8471331,Kevin Porter,2004.0,119.0,20082009,22.55715263518138,0.37459928,0.29411764705882354
8471338,Torrey Mitchell,2004.0,126.0,20072008,22.666666666666668,0.31916252,0.24390243902439024
8471339,Ryan Callahan,2004.0,127.0,20072008,22.529774127310063,0.36420262,0.25
8471346,Kris Versteeg,2004.0,134.0,20082009,22.38740588637919,0.3619858,0.6794871794871795
8471348,Nikita Nikitin,2004.0,136.0,20102011,24.292950034223136,0.19815777,0.21951219512195122
8471352,Jake Dowell,2004.0,140.0,20072008,22.576317590691307,0.2553797,0.15789473684210525
8471358,Bryan Young,2004.0,146.0,20062007,20.1533196440794,0.1718572,0.0
8471362,Mikhail Grabovski,2004.0,150.0,20072008,23.665982203969882,0.29661936,0.375
8471371,Mike Brown,2004.0,159.0,20072008,22.269678302532512,0.15395398,0.05263157894736842
8471385,Adam Pardy,2004.0,173.0,20082009,24.50924024640657,0.14313473,0.16666666666666666
8471386,Scott Parse,2004.0,174.0,20092010,25.07049965776865,0.24554835,0.4067796610169492
8471388,Patrick Kaleta,2004.0,176.0,20072008,21.31416837782341,0.16747086,0.125
8471390,Mike Santorelli,2004.0,178.0,20092010,23.797399041752225,0.3446127,0.12
8471392,Roman Polak,2004.0,180.0,20062007,20.427104722792606,0.15493427,0.0
8471399,Robbie Earl,2004.0,187.0,20092010,24.331279945242983,0.15803587,0.1875
8471402,Lennart Petrell,2004.0,190.0,20112012,27.46611909650924,0.26363802,0.15
8471409,Andrew Gordon,2004.0,197.0,20112012,25.79876796714579,0.35182944,0.13513513513513514
8471419,Mark Mancari,2004.0,207.0,20102011,25.22381930184805,0.32618135,0.4
8471426,Troy Brouwer,2004.0,214.0,20082009,23.123887748117728,0.28040048,0.37681159420289856
8471428,Pierre-Luc Letourneau-Leblond,2004.0,216.0,20092010,24.32580424366872,0.13034245,0.07407407407407407
8471436,Matt Hunwick,2004.0,224.0,20082009,23.364818617385353,0.21230613,0.5094339622641509
8471450,Brandon Yip,2004.0,239.0,20092010,24.435318275154003,0.29363713,0.59375
8471451,Aaron Gagnon,2004.0,240.0,20102011,24.438056125941138,0.28464827,0.10526315789473684
8471457,Gregory Stewart,2004.0,246.0,20082009,22.365503080082135,0.16650476,0.05
8471476,Daniel Winnik,2004.0,265.0,20072008,22.570841889117045,0.21027486,0.3291139240506329
8471482,Grant Clitsome,2004.0,271.0,20102011,25.464750171115675,0.15450191,0.6129032258064516
8471483,Kyle Wilson,2004.0,272.0,20102011,25.793292265571527,0.28448856,0.34375
8471490,Adam Cracknell,2004.0,279.0,20102011,25.21286789869952,0.26720065,0.2916666666666667
8471498,Jannik Hansen,2004.0,287.0,20082009,22.548939082819988,0.32783896,0.38181818181818183
8468153,Kevin Colley,,300.0,20052006,26.740588637919235,0.21971518,0.0
8468778,Colton Orr,,300.0,20052006,23.581108829568787,0.11607578,0.02857142857142857
8468868,Ben Ondrus,,300.0,20052006,23.26899383983573,0.13813068,0.0
8469795,Kevin Dallman,,300.0,20052006,24.594113620807665,0.19662641,0.208955223880597
8469812,Chad LaRose,,300.0,20052006,23.515400410677618,0.3077102,0.2653061224489796
8469820,Zenon Konopka,,300.0,20052006,24.744695414099933,0.23310816,0.30434782608695654
8469994,Rob Collins,,300.0,20052006,27.548254620123203,0.29148942,0.25
8470001,Jeff Giuliano,,300.0,20052006,26.28336755646817,0.16016428,0.14583333333333334
8470004,Jeff Hoggan,,300.0,20052006,27.66324435318275,0.222481,0.15384615384615385
8470005,Mark Cullen,,300.0,20052006,26.926762491444215,0.25467557,0.5517241379310345
8470321,Patrick Rissmiller,,300.0,20052006,26.93223819301848,0.23544098,0.3333333333333333
8470324,Josh Gorges,,300.0,20052006,21.130732375085557,0.14103666,0.12244897959183673
8470330,Mike Glumac,,300.0,20052006,25.489390828199863,0.25962618,0.36363636363636365
8470358,Alexandre Burrows,,300.0,20052006,24.473648186173854,0.17797938,0.27906976744186046
8470574,Grant Stevenson,,300.0,20052006,23.96167008898015,0.30125785,0.46808510638297873
8470578,Freddy Meyer,,300.0,20052006,24.739219712525667,0.15959674,0.47368421052631576
8470882,Geoff Platt,,300.0,20052006,20.227241615331966,0.29243255,0.3333333333333333
8470905,Randy Jones,,300.0,20052006,24.191649555099247,0.16210164,0.2857142857142857
8470996,Danny Syvret,2005.0,81.0,20062007,21.300479123887747,0.18949614,0.0625
8471187,Brett Lebda,,300.0,20052006,23.709787816564,0.14280774,0.2608695652173913
8471208,Dustin Penner,,300.0,20052006,23.00889801505818,0.18415229,0.3684210526315789
8471504,Rene Bourque,,300.0,20052006,23.808350444900753,0.29116628,0.44155844155844154
8471663,Mike Blunden,2005.0,43.0,20092010,22.795345653661876,0.19589967,0.1
8471664,Mason Raymond,2005.0,51.0,20072008,22.036960985626283,0.3606567,0.42857142857142855
8471668,Mattias Ritola,2005.0,103.0,20102011,23.550992470910334,0.26111415,0.25806451612903225
8471669,Paul Stastny,2005.0,44.0,20062007,20.761122518822724,0.39096114,0.9512195121951219
8471670,Guillaume Latendresse,2005.0,45.0,20062007,19.356605065023956,0.35824484,0.3625
8471671,Dustin Kohn,2005.0,46.0,20092010,22.661190965092402,0.15304433,0.18181818181818182
8471675,Sidney Crosby,2005.0,1.0,20052006,18.151950718685832,0.5883525,1.2592592592592593
8471676,Bobby Ryan,2005.0,2.0,20072008,20.542094455852155,0.5433154,0.43478260869565216
8471677,Jack Johnson,2005.0,3.0,20072008,20.71457905544148,0.367743,0.14864864864864866
8471678,Benoit Pouliot,2005.0,4.0,20082009,22.00684462696783,0.31422147,0.2972972972972973
8471680,Gilbert Brule,2005.0,6.0,20062007,19.748117727583846,0.44404715,0.24358974358974358
8471681,Jack Skille,2005.0,7.0,20072008,20.369609856262834,0.31285194,0.3125
8471682,Devin Setoguchi,2005.0,8.0,20072008,20.747433264887064,0.35072738,0.38636363636363635
8471683,Brian Lee,2005.0,9.0,20082009,21.519507186858316,0.24329571,0.24528301886792453
8471684,Luc Bourdon,2005.0,10.0,20072008,20.621492128678987,0.19243172,0.07407407407407407
8471685,Anze Kopitar,2005.0,11.0,20062007,19.104722792607802,0.33200935,0.8472222222222222
8471686,Marc Staal,2005.0,12.0,20072008,20.71457905544148,0.2215548,0.125
8471689,Ryan O'Marra,2005.0,15.0,20102011,23.312799452429843,0.22841287,0.23809523809523808
8471691,Martin Hanzal,2005.0,17.0,20072008,20.61054072553046,0.36731285,0.4861111111111111
8471692,Ryan Parent,2005.0,18.0,20072008,20.542094455852155,0.1783544,0.0
8471693,Jakub Kindl,2005.0,19.0,20102011,23.638603696098563,0.2391025,0.08333333333333333
8471694,Kenndal McArdle,2005.0,20.0,20092010,22.740588637919235,0.26251748,0.15789473684210525
8471696,Matt Lashoff,2005.0,22.0,20072008,21.00479123887748,0.30036202,0.2777777777777778
8471697,Niclas Bergfors,2005.0,23.0,20092010,22.570841889117045,0.3495858,0.5432098765432098
8471698,T.J. Oshie,2005.0,24.0,20082009,21.7741273100616,0.3448102,0.6842105263157895
8471699,Andrew Cogliano,2005.0,25.0,20072008,20.298425735797398,0.3825248,0.5487804878048781
8471701,Joe Finley,2005.0,27.0,20122013,25.259411362080765,0.123972856,0.0625
8471702,Matt Niskanen,2005.0,28.0,20072008,20.8186173853525,0.250069,0.3333333333333333
8471703,Steve Downie,2005.0,29.0,20072008,20.49555099247091,0.38264862,0.375
8471705,Brendan Mikkelson,2005.0,31.0,20082009,21.27857631759069,0.14161146,0.058823529411764705
8471707,James Neal,2005.0,33.0,20082009,21.078713210130047,0.28540298,0.4805194805194805
8471708,Ryan Stoa,2005.0,34.0,20102011,23.468856947296374,0.28042364,0.16
8471709,Marc-Edouard Vlasic,2005.0,35.0,20062007,19.50718685831622,0.27528632,0.32098765432098764
8471710,Taylor Chorney,2005.0,36.0,20092010,22.431211498973305,0.15978497,0.07142857142857142
8471714,Michael Sauer,2005.0,40.0,20102011,23.15126625598905,0.13862103,0.19736842105263158
8471716,Justin Abdelkader,2005.0,42.0,20092010,22.598220396988363,0.2809884,0.12
8471717,Adam McQuaid,2005.0,55.0,20092010,22.97056810403833,0.13100736,0.05263157894736842
8471718,Marc-Andre Cliche,2005.0,56.0,20132014,26.527036276522928,0.18165214,0.09210526315789473
8471719,Matt Kassian,2005.0,57.0,20112012,24.92539356605065,0.122806765,0.08333333333333333
8471724,Kris Letang,2005.0,62.0,20072008,20.438056125941138,0.30487338,0.2698412698412698
8471729,Kris Russell,2005.0,67.0,20072008,20.416153319644078,0.28311682,0.14925373134328357
8471733,Rich Clune,2005.0,71.0,20122013,25.437371663244353,0.15839748,0.19148936170212766
8471735,Keith Yandle,2005.0,105.0,20072008,21.059548254620122,0.2150503,0.27906976744186046
8471742,Cody Franson,2005.0,79.0,20092010,22.1492128678987,0.2651849,0.3442622950819672
8471743,Vladimir Sobotka,2005.0,106.0,20072008,20.249144421629023,0.2541126,0.14583333333333334
8471748,Mark Fraser,2005.0,84.0,20092010,23.006160164271048,0.13200235,0.09836065573770492
8471752,Marc-Andre Gragnani,2005.0,87.0,20112012,24.55852156057495,0.32359615,0.25862068965517243
8471753,T.J. Hensick,2005.0,88.0,20072008,21.806981519507186,0.38906583,0.3548387096774194
8471756,Oskars Bartulis,2005.0,91.0,20092010,22.694045174537987,0.14239775,0.16981132075471697
8471760,Cody Bass,2005.0,95.0,20072008,20.73100616016427,0.23152983,0.19047619047619047
8471761,Chris Butler,2005.0,96.0,20082009,21.930184804928132,0.15815137,0.1276595744680851
8471762,Chris VandeVelde,2005.0,97.0,20132014,26.548939082819988,0.16203739,0.05555555555555555
8471766,Jared Boll,2005.0,101.0,20072008,21.385352498288842,0.21449246,0.13333333333333333
8471767,Blair Jones,2005.0,102.0,20062007,20.01095140314853,0.25650522,0.15
8471768,Tom Pyatt,2005.0,107.0,20092010,22.628336755646817,0.28642523,0.125
8471769,Niklas Hjalmarsson,2005.0,108.0,20082009,21.322381930184804,0.15436456,0.14285714285714285
8471794,Darren Helm,2005.0,132.0,20082009,21.694729637234772,0.24602143,0.0625
8471804,Nathan Gerbe,2005.0,142.0,20102011,23.189596167008897,0.39536512,0.484375
8471807,Tom Wandell,2005.0,146.0,20092010,22.67214236824093,0.3579742,0.3
8471810,Derek Joslin,2005.0,149.0,20092010,22.543463381245722,0.21695279,0.125
8471811,Cal O'Reilly,2005.0,150.0,20092010,23.003422313483917,0.3485287,0.3548387096774194
8471816,Mark Fayne,2005.0,155.0,20102011,23.381245722108144,0.17101422,0.24561403508771928
8471817,Ryan Reaves,2005.0,156.0,20102011,23.696098562628336,0.12447335,0.14285714285714285
8471840,Brett Sutter,2005.0,179.0,20112012,24.331279945242983,0.20987277,0.2
8471842,Tim Kennedy,2005.0,181.0,20092010,23.422313483915126,0.37239915,0.3333333333333333
8471851,Matt D'Agostini,2005.0,190.0,20082009,21.94113620807666,0.30997217,0.39622641509433965
8471856,Joe Vitale,2005.0,195.0,20112012,26.11362080766598,0.21696703,0.20588235294117646
8471859,Sergei Kostitsyn,2005.0,200.0,20072008,20.53388090349076,0.37592605,0.5192307692307693
8471862,Colin Greening,2005.0,204.0,20102011,24.56399726214921,0.26220804,0.5416666666666666
8471868,Ryan Russell,2005.0,211.0,20112012,24.416153319644078,0.2748098,0.04878048780487805
8471873,Anton Stralman,2005.0,216.0,20072008,21.166324435318277,0.29918987,0.18
8471879,Kyle Cumiskey,2005.0,222.0,20092010,22.830937713894592,0.35152996,0.32786885245901637
8471887,Patric Hornqvist,2005.0,230.0,20082009,21.749486652977414,0.32993883,0.25
8466399,Eric Perrin,,300.0,20062007,30.915811088295687,0.31775394,0.43902439024390244
8468184,Lawrence Nycholat,,300.0,20062007,27.4031485284052,0.2650328,0.42105263157894735
8469120,Raitis Ivanans,,300.0,20062007,27.742642026009584,0.09381936,0.12121212121212122
8469143,Travis Roche,,300.0,20062007,28.290212183436,0.27673173,0.38
8469786,Karl Stewart,,300.0,20062007,23.255304585900067,0.303321,0.10638297872340426
8469844,Josh Gratton,,300.0,20062007,24.060232717316907,0.18917356,0.038461538461538464
8469919,Thomas Pock,,300.0,20062007,24.829568788501028,0.32099298,0.18181818181818182
8470018,Matt Ellis,,300.0,20062007,25.084188911704313,0.2612185,0.0
8470335,Alexander Brooks,,300.0,20062007,30.11088295687885,0.14578363,0.05263157894736842
8470373,Jeff Hamilton,,300.0,20062007,29.073237508555785,0.37742612,0.5571428571428572
8470375,Patrick Thoresen,,300.0,20062007,22.899383983572896,0.3902839,0.23529411764705882
8470966,Mark Giordano,,300.0,20062007,22.99520876112252,0.30236948,0.3125
8470970,Drew Larman,,300.0,20062007,21.37987679671458,0.23756953,0.125
8471185,Curtis Glencross,,300.0,20062007,23.759069130732374,0.29152778,0.1111111111111111
8471188,Andy Wozniewski,,300.0,20062007,26.351813826146476,0.17280963,0.13333333333333333
8471508,Olivier Magnan,2006.0,148.0,20102011,24.418891170431213,0.1496007,0.0
8471634,Ryan Shannon,,300.0,20062007,23.583846680355922,0.39092493,0.20754716981132076
8471958,Dan Girardi,,300.0,20062007,22.42299794661191,0.26943684,0.17647058823529413
8472361,Bill Thomas,,300.0,20062007,23.28268309377139,0.3488595,0.5833333333333334
8472382,Andy Greene,,300.0,20062007,23.920602327173167,0.24068597,0.2608695652173913
8472418,Patrick Fischer,,300.0,20062007,31.069130732375086,0.41257983,0.37037037037037035
8473412,Bryan Little,2006.0,12.0,20082009,20.8870636550308,0.37857062,0.6455696202531646
8473415,Alex Biega,2006.0,147.0,20152016,27.49075975359343,0.12618214,0.13725490196078433
8473419,Brad Marchand,2006.0,71.0,20092010,21.39082819986311,0.33965263,0.05
8473422,Nick Foligno,2006.0,28.0,20072008,19.917864476386036,0.33306536,0.2
8473426,Mike Weber,2006.0,57.0,20072008,19.79192334017796,0.15196441,0.1875
8473432,Derek Dorsett,2006.0,189.0,20082009,21.782340862423,0.21348287,0.09615384615384616
8473446,Erik Johnson,2006.0,1.0,20072008,19.529089664613277,0.26473492,0.4782608695652174
8473449,Kyle Okposo,2006.0,7.0,20082009,20.459958932238195,0.31772405,0.6
8473453,Trevor Lewis,2006.0,17.0,20102011,23.72895277207392,0.22168127,0.18055555555555555
8473463,Leo Komarov,2006.0,180.0,20122013,25.689253935660506,0.28543302,0.21428571428571427
8473465,Jamie McGinn,2006.0,36.0,20082009,20.15605749486653,0.25375932,0.17142857142857143
8473466,Ryan White,2006.0,66.0,20092010,21.541409993155373,0.22438677,0.125
8473468,Eric Gryba,2006.0,68.0,20122013,24.465434633812457,0.13496895,0.18181818181818182
8473473,Milan Lucic,2006.0,50.0,20072008,19.315537303216974,0.21085334,0.35064935064935066
8473482,Jiri Tlusty,2006.0,13.0,20072008,19.54277891854894,0.28860202,0.27586206896551724
8473484,Kaspars Daugavins,2006.0,91.0,20112012,23.370294318959616,0.26187503,0.16923076923076924
8473485,Chris Stewart,2006.0,18.0,20082009,20.922655715263517,0.3283125,0.3584905660377358
8473492,Matt Beleskey,2006.0,112.0,20092010,21.31690622861054,0.27102512,0.3
8473493,Ben Maxwell,2006.0,49.0,20112012,23.50444900752909,0.35046723,0.4
8473501,Ty Wishart,2006.0,16.0,20102011,22.368240930869266,0.22169167,0.25
8473504,Cal Clutterbuck,2006.0,72.0,20082009,20.870636550308006,0.21454236,0.23076923076923078
8473507,Jeff Petry,2006.0,45.0,20102011,22.811772758384667,0.20358303,0.14285714285714285
8473512,Claude Giroux,2006.0,22.0,20082009,20.720054757015742,0.4077403,0.6428571428571429
8473514,Jesse Joensuu,2006.0,60.0,20102011,22.989733059548254,0.27316874,0.21428571428571427
8473525,Theo Peckham,2006.0,75.0,20082009,20.892539356605067,0.158791,0.0
8473526,Peter Mueller,2006.0,8.0,20072008,19.463381245722108,0.42376864,0.6666666666666666
8473533,Jordan Staal,2006.0,2.0,20062007,18.05612594113621,0.3286852,0.5185185185185185
8473534,Patrik Berglund,2006.0,25.0,20082009,20.331279945242983,0.33828828,0.618421052631579
8473536,James Sheppard,2006.0,9.0,20072008,19.433264887063654,0.43620995,0.24358974358974358
8473537,Viktor Stalberg,2006.0,161.0,20092010,23.704312114989733,0.30647156,0.35
8473542,Tom Sestito,2006.0,85.0,20122013,25.010266940451746,0.22318618,0.1
8473544,Derick Brassard,2006.0,6.0,20072008,20.024640657084188,0.48448288,0.11764705882352941
8473546,Michael Grabner,2006.0,14.0,20092010,21.99041752224504,0.3586104,0.55
8473548,Phil Kessel,2006.0,5.0,20062007,18.99794661190965,0.4671399,0.4142857142857143
8473550,Andrew Bodnarchuk,2006.0,128.0,20152016,27.222450376454482,0.1484587,0.10810810810810811
8473558,Cory Emmerton,2006.0,41.0,20112012,23.33196440793977,0.26844275,0.14084507042253522
8473560,Korbinian Holzer,2006.0,111.0,20122013,24.62422997946612,0.13689162,0.13636363636363635
8473562,John McCarthy,2006.0,202.0,20102011,24.145106091718002,0.24773522,0.10810810810810811
8473563,Nicklas Backstrom,2006.0,4.0,20072008,19.854893908281998,0.5136166,0.8414634146341463
8473564,Michael Frolik,2006.0,10.0,20082009,20.621492128678987,0.43149725,0.569620253164557
8473565,Brian Strait,2006.0,65.0,20122013,24.7419575633128,0.1651186,0.21052631578947367
8473568,Andreas Nodl,2006.0,39.0,20082009,21.590691307323752,0.3017536,0.10526315789473684
8473569,Jan Mursak,2006.0,182.0,20102011,22.69678302532512,0.2975065,0.05263157894736842
8473571,Jamie McBain,2006.0,63.0,20102011,22.598220396988363,0.27845433,0.39473684210526316
8473573,Artem Anisimov,2006.0,54.0,20092010,21.35523613963039,0.38825586,0.34146341463414637
8473574,Shawn Matthias,2006.0,47.0,20082009,20.61601642710472,0.34341612,0.125
8473579,Nikolay Kulemin,2006.0,44.0,20082009,22.217659137577,0.335338,0.4246575342465753
8473580,Matthew Corrente,2006.0,30.0,20102011,22.54072553045859,0.21590789,0.2727272727272727
8473584,Andrew MacDonald,2006.0,160.0,20092010,23.066392881587955,0.22055776,0.15217391304347827
8473588,Erik Condra,2006.0,211.0,20102011,24.1533196440794,0.22985199,0.4230769230769231
8473589,Chris Summers,2006.0,29.0,20112012,23.652292950034223,0.1192034,0.14285714285714285
8473592,Vladimir Zharkov,2006.0,77.0,20092010,21.724845995893222,0.25741664,0.25
8473600,Benn Ferriero,2006.0,196.0,20092010,22.425735797399042,0.24175754,0.20833333333333334
8473604,Jonathan Toews,2006.0,3.0,20072008,19.422313483915126,0.4592204,0.84375
8473605,Alexander Vasyunov,2006.0,58.0,20102011,22.442162902121833,0.29130813,0.2777777777777778
8473608,Blake Geoffrion,2006.0,56.0,20102011,22.65845311430527,0.34739873,0.4
8473610,Bobby Sanguinetti,2006.0,21.0,20122013,24.588637919233403,0.333912,0.16216216216216217
8473618,Mathieu Perreault,2006.0,177.0,20092010,21.738535249828885,0.30928323,0.42857142857142855
8468463,Mathieu Darche,,300.0,20072008,30.844626967830255,0.35673591,0.3013698630136986
8468786,Riley Cote,,300.0,20072008,25.544147843942504,0.1115737,0.05714285714285714
8468881,Jason Jaffray,,300.0,20072008,26.253251197809718,0.39063102,0.3157894736842105
8469779,Keith Aucoin,,300.0,20072008,28.90075290896646,0.39594412,0.34210526315789475
8469992,Sheldon Brookbank,,300.0,20072008,26.99247091033539,0.25554127,0.18181818181818182
8470383,Chris Minard,,300.0,20072008,25.867214236824093,0.29837716,0.13333333333333333
8470920,David Clarkson,,300.0,20072008,23.50171115674196,0.24085224,0.2716049382716049
8471206,Junior Lessard,,300.0,20072008,27.34839151266256,0.2870539,0.09523809523809523
8471514,Rich Peverley,,300.0,20072008,25.232032854209447,0.37894878,0.30303030303030304
8471628,Rick Rypien,,300.0,20072008,23.37577002053388,0.3485016,0.13636363636363635
8471657,Cody McLeod,,300.0,20072008,23.263518138261464,0.16451982,0.1836734693877551
8472355,Rod Pelley,,300.0,20072008,23.080082135523615,0.22128522,0.10344827586206896
8472368,Chris Conner,,300.0,20072008,23.772758384668034,0.30903274,0.22727272727272727
8472370,Jordan Hendry,,300.0,20072008,23.603011635865844,0.15482955,0.1
8472394,Peter Harrold,,300.0,20072008,24.314852840520192,0.3169855,0.2
8473385,Ville Koistinen,,300.0,20072008,25.28952772073922,0.2936362,0.3541666666666667
8473635,Denis Tolpeko,,300.0,20072008,22.6694045174538,0.2787923,0.23076923076923078
8473646,Ryan Carter,,300.0,20072008,24.161533196440793,0.20369093,0.23529411764705882
8473712,Frazer McLaren,2007.0,203.0,20092010,21.924709103353866,0.1249543,0.2608695652173913
8473916,Steve Wagner,,300.0,20072008,23.57015742642026,0.23507436,0.3333333333333333
8473924,Cory Murphy,,300.0,20072008,29.6290212183436,0.3831931,0.3617021276595745
8473979,Jaroslav Hlinka,,300.0,20072008,30.888432580424368,0.3783405,0.4444444444444444
8473981,Magnus Johansson,,300.0,20072008,34.072553045859,0.3898123,0.3111111111111111
8473986,Alex Killorn,2007.0,77.0,20122013,23.04722792607803,0.34562024,0.5
8473989,Luke Gazdic,2007.0,172.0,20132014,24.186173853524984,0.12742902,0.05970149253731343
8473991,Karl Alzner,2007.0,5.0,20082009,20.019164955509925,0.21198037,0.16666666666666666
8473992,Justin Falk,2007.0,110.0,20102011,21.971252566735114,0.11971412,0.13636363636363635
8473994,Jamie Benn,2007.0,129.0,20092010,20.205338809034906,0.32788864,0.5
8473997,Luca Caputi,2007.0,111.0,20092010,20.999315537303218,0.3169006,0.34782608695652173
8473999,Nick Palmieri,2007.0,79.0,20102011,21.22108145106092,0.26823166,0.3953488372093023
8474000,Steven Kampfer,2007.0,93.0,20102011,22.017796030116358,0.21051937,0.2631578947368421
8474001,TJ Galiardi,2007.0,55.0,20092010,21.44284736481862,0.23626748,0.5571428571428572
8474008,Paul Carey,2007.0,135.0,20172018,29.018480492813143,0.3678484,0.23333333333333334
8474009,Nick Bonino,2007.0,173.0,20102011,22.4476386036961,0.31657317,0.0
8474013,Ian Cole,2007.0,18.0,20102011,21.607118412046542,0.22540334,0.15384615384615385
8474018,Christopher DiDomenico,2007.0,164.0,20172018,28.61054072553046,0.33931303,0.4166666666666667
8474024,Jim O'Brien,2007.0,29.0,20112012,22.6694045174538,0.30444688,0.21428571428571427
8474025,Eric Tangradi,2007.0,42.0,20102011,21.637234770704996,0.29188368,0.2
8474027,Justin Braun,2007.0,201.0,20102011,23.638603696098563,0.24150603,0.39285714285714285
8474030,Aaron Palushaj,2007.0,44.0,20112012,22.064339493497606,0.3473836,0.13157894736842105
8474031,Kevin Shattenkirk,2007.0,14.0,20102011,21.67008898015058,0.3086724,0.5972222222222222
8474034,Patrick Maroon,2007.0,161.0,20132014,25.440109514031484,0.24489604,0.46774193548387094
8474037,James van Riemsdyk,2007.0,2.0,20092010,20.410677618069816,0.4263172,0.44871794871794873
8474038,Paul Byron,2007.0,179.0,20112012,22.428473648186174,0.35925806,0.22727272727272727
8474040,Sam Gagner,2007.0,6.0,20072008,18.140999315537304,0.49939695,0.620253164556962
8474045,Zach Hamill,2007.0,8.0,20112012,23.019849418206707,0.38086045,0.125
8474048,Keith Aulie,2007.0,116.0,20102011,21.305954825462013,0.14253792,0.05
8474052,Chris Terry,2007.0,132.0,20142015,25.4839151266256,0.360231,0.3508771929824561
8474053,Logan Couture,2007.0,9.0,20092010,20.511978097193705,0.39043403,0.36
8474056,P.K. Subban,2007.0,43.0,20102011,21.385352498288842,0.30298358,0.4935064935064935
8474059,Linus Omark,2007.0,97.0,20102011,23.652292950034223,0.3288934,0.5294117647058824
8474061,Anthony Peluso,2007.0,160.0,20132014,24.45448323066393,0.18715301,0.09433962264150944
8474062,Riley Nash,2007.0,21.0,20122013,23.397672826830938,0.24094287,0.28125
8474066,Thomas Hickey,2007.0,4.0,20122013,23.644079397672826,0.24870591,0.10256410256410256
8474068,Kyle Turris,2007.0,3.0,20082009,19.132101300479125,0.37107676,0.31746031746031744
8474074,Paul Postma,2007.0,205.0,20122013,23.60574948665298,0.29008442,0.2647058823529412
8474089,Brad Malone,2007.0,105.0,20132014,24.366872005475702,0.18686573,0.15625
8474090,Brendan Smith,2007.0,27.0,20122013,23.644079397672826,0.26628587,0.23529411764705882
8474091,Brandon Sutter,2007.0,11.0,20082009,19.627652292950035,0.3064682,0.12
8474094,Matt Halischuk,2007.0,117.0,20092010,21.333333333333332,0.34737283,0.1
8474095,Dana Tyrell,2007.0,47.0,20102011,21.440109514031484,0.24038218,0.19230769230769232
8474096,Nick Spaling,2007.0,58.0,20092010,21.032169746748803,0.22999834,0.10714285714285714
8474098,Colton Sceviour,2007.0,112.0,20132014,24.449007529089666,0.31276286,0.46153846153846156
8474100,Dwight King,2007.0,109.0,20112012,22.239561943874058,0.28305736,0.5185185185185185
8474102,David Perron,2007.0,26.0,20072008,19.342915811088297,0.30264324,0.43548387096774194
8474113,TJ Brennan,2007.0,31.0,20122013,23.496235455167692,0.2388835,0.3448275862068966
8474114,Oscar Moller,2007.0,52.0,20082009,19.690622861054074,0.2925116,0.375
8474121,Colton Gillies,2007.0,16.0,20082009,19.633127994524298,0.28493643,0.15555555555555556
8474125,Carl Gunnarsson,2007.0,194.0,20092010,22.89390828199863,0.22626314,0.3488372093023256
8474130,Corey Tropp,2007.0,89.0,20112012,22.184804928131417,0.28088832,0.23529411764705882
8474131,Mario Kempe,2007.0,122.0,20172018,29.032169746748803,0.28610137,0.2222222222222222
8474134,Yannick Weber,2007.0,73.0,20102011,22.02053388090349,0.26052773,0.2682926829268293
8474135,Brett Bellemore,2007.0,162.0,20132014,25.267624914442163,0.12589328,0.125
8474137,Drayson Bowman,2007.0,72.0,20102011,21.56605065023956,0.28452402,0.043478260869565216
8474138,Dustin Jeffrey,2007.0,171.0,20102011,22.5927446954141,0.37702653,0.48
8474139,Maxime Macenauer,2007.0,63.0,20112012,22.7378507871321,0.22246106,0.13793103448275862
8474141,Patrick Kane,2007.0,1.0,20072008,18.863791923340177,0.6201926,0.8780487804878049
8474145,Robert Bortuzzo,2007.0,78.0,20122013,23.540041067761805,0.13714245,0.26666666666666666
8474149,Evgenii Dadonov,2007.0,71.0,20102011,21.555099247091032,0.29244077,0.4722222222222222
8474150,Mikael Backlund,2007.0,24.0,20092010,20.542094455852155,0.29428756,0.43478260869565216
8474151,Ryan McDonagh,2007.0,12.0,20102011,21.300479123887747,0.18385924,0.225
8474153,Michal Repik,2007.0,40.0,20092010,20.750171115674195,0.35761794,0.2631578947368421
8474154,Andreas Thuresson,2007.0,144.0,20092010,21.869952087611225,0.21383348,0.13636363636363635
8474157,Max Pacioretty,2007.0,22.0,20082009,19.863107460643395,0.34491962,0.3235294117647059
8474161,Jakub Voracek,2007.0,7.0,20082009,19.129363449691994,0.43608254,0.475
8474162,Jake Muzzin,2007.0,141.0,20122013,23.60848733744011,0.1899917,0.35555555555555557
8474164,Jonathon Blum,2007.0,23.0,20102011,21.66735112936345,0.32135794,0.34782608695652173
8474166,Alec Martinez,2007.0,95.0,20102011,23.184120465434635,0.2618802,0.26666666666666666
8474168,Joakim Andersson,2007.0,88.0,20122013,23.652292950034223,0.24657297,0.21052631578947367
8474176,Carl Hagelin,2007.0,168.0,20112012,23.104722792607802,0.29654756,0.59375
8474184,Keaton Ellerby,2007.0,10.0,20092010,20.903490759753595,0.22034797,0.0
8474189,Lars Eller,2007.0,13.0,20102011,21.399041752224505,0.36019897,0.22077922077922077
8474190,Wayne Simmonds,2007.0,61.0,20082009,20.098562628336754,0.26986286,0.2804878048780488
8474192,Matt Frattin,2007.0,99.0,20112012,23.742642026009584,0.3308213,0.26785714285714285
8468208,Joel Ward,,300.0,20082009,27.83025325119781,0.2101859,0.4430379746835443
8468846,Tyler Sloan,,300.0,20082009,27.548254620123203,0.11242879,0.19230769230769232
8468884,Mitchell Fritz,,300.0,20082009,27.852156057494867,0.42847753,0.0
8468887,Warren Peters,,300.0,20082009,26.22861054072553,0.17692244,0.0625
8470896,Steve MacIntyre,,300.0,20082009,28.147843942505133,0.10983209,0.09090909090909091
8471521,Brad Staubitz,,300.0,20082009,24.177960301163587,0.16282389,0.08571428571428572
8471978,Brett Festerling,,300.0,20082009,22.581793292265573,0.13763618,0.125
8472338,Jaime Sifers,,300.0,20082009,25.702943189596166,0.15577312,0.08695652173913043
8473682,Andrew Ebbett,,300.0,20082009,25.746748802190282,0.3611541,0.6666666666666666
8473722,John Scott,,300.0,20082009,26.015058179329227,0.12491444,0.05
8473734,Tim Wallace,,300.0,20082009,24.1533196440794,0.19645064,0.125
8473898,Paul Szczechura,,300.0,20082009,22.836413415468858,0.29549983,0.2903225806451613
8473913,Sean Collins,,300.0,20082009,24.922655715263517,0.33078533,0.13333333333333333
8473932,Darroll Powe,,300.0,20082009,23.277207392197127,0.20001677,0.18333333333333332
8473962,Teddy Purcell,,300.0,20082009,23.06365503080082,0.37131995,0.4
8473973,Antti Pihlstrom,,300.0,20082009,23.942505133470227,0.26016816,0.1320754716981132
8474218,Jason Demers,2008.0,186.0,20092010,21.311430527036276,0.22644353,0.4117647058823529
8474250,Zack Smith,2008.0,79.0,20092010,21.489390828199863,0.29306674,0.2
8474383,Joel Rechlicz,,300.0,20082009,21.300479123887747,0.13509685,0.058823529411764705
8474498,Jesse Winchester,,300.0,20082009,24.993839835728952,0.23918253,0.23684210526315788
8474518,Davis Drewiske,,300.0,20082009,23.857631759069132,0.16619699,0.17647058823529413
8474519,Jack Hillen,,300.0,20082009,22.68583162217659,0.28226963,0.15
8474552,Fabian Brunnstrom,,300.0,20082009,23.64955509924709,0.35856786,0.5272727272727272
8474557,Anssi Salmela,,300.0,20082009,24.134154688569474,0.3033592,0.23076923076923078
8474563,Drew Doughty,2008.0,2.0,20082009,18.8145106091718,0.30940533,0.3333333333333333
8474564,Steven Stamkos,2008.0,1.0,20082009,18.647501711156742,0.5391501,0.5822784810126582
8474565,Alex Pietrangelo,2008.0,4.0,20102011,20.700889801505816,0.32491037,0.5443037974683544
8474566,Nikita Filatov,2008.0,6.0,20102011,20.35318275154004,0.4539542,0.30434782608695654
8474567,Zach Bogosian,2008.0,3.0,20082009,18.21492128678987,0.31375185,0.40425531914893614
8474568,Luke Schenn,2008.0,5.0,20082009,18.913073237508556,0.20138928,0.2
8474569,Colin Wilson,2008.0,7.0,20092010,19.94798083504449,0.43985125,0.42857142857142855
8474570,Cody Hodgson,2008.0,10.0,20112012,21.61533196440794,0.33336028,0.4939759036144578
8474571,Mikkel Boedker,2008.0,8.0,20082009,18.792607802874745,0.33752045,0.358974358974359
8474573,Josh Bailey,2008.0,9.0,20082009,18.99794661190965,0.42681184,0.36764705882352944
8474574,Tyler Myers,2008.0,12.0,20092010,19.66324435318275,0.20587373,0.5853658536585366
8474575,Colten Teubert,2008.0,13.0,20112012,21.56605065023956,0.1810886,0.041666666666666664
8474576,Zach Boychuk,2008.0,14.0,20092010,19.991786447638603,0.35149214,0.2903225806451613
8474577,Joe Colborne,2008.0,16.0,20132014,23.668720054757017,0.28857565,0.35
8474578,Erik Karlsson,2008.0,15.0,20092010,19.33744010951403,0.26820454,0.43333333333333335
8474579,Luca Sbisa,2008.0,19.0,20082009,18.6694045174538,0.18531062,0.1794871794871795
8474581,Jake Gardiner,2008.0,17.0,20112012,21.242984257357975,0.36477247,0.4
8474582,Mattias Tedenby,2008.0,24.0,20102011,20.607802874743328,0.40916085,0.3793103448275862
8474584,Michael Del Zotto,2008.0,20.0,20092010,19.27173169062286,0.340941,0.4625
8474586,Jordan Eberle,2008.0,22.0,20102011,20.380561259411362,0.40282723,0.6231884057971014
8474588,Viktor Tikhonov,2008.0,28.0,20082009,20.38877481177276,0.25075218,0.26229508196721313
8474589,Tyler Ennis,2008.0,26.0,20102011,20.985626283367555,0.41656908,0.5975609756097561
8474590,John Carlson,2008.0,27.0,20092010,19.72347707049966,0.32336438,0.2727272727272727
8474592,Philip McRae,2008.0,33.0,20102011,20.54757015742642,0.24469441,0.2
8474594,Slava Voynov,2008.0,32.0,20112012,21.70841889117043,0.32452044,0.37037037037037035
8474597,Cody Goloubef,2008.0,37.0,20142015,24.83504449007529,0.21382695,0.25
8474600,Roman Josi,2008.0,38.0,20112012,21.333333333333332,0.28556448,0.3076923076923077
8474602,Justin Schultz,2008.0,43.0,20122013,22.239561943874058,0.3461183,0.5625
8474603,Eric O'Dell,2008.0,39.0,20132014,23.279945242984258,0.35419407,0.23333333333333334
8474604,Aaron Ness,2008.0,40.0,20132014,23.37303216974675,0.2766172,0.15
8474605,Patrick Wiercioch,2008.0,42.0,20122013,22.053388090349078,0.18697615,0.4523809523809524
8474606,Colby Robak,2008.0,46.0,20122013,22.439425051334702,0.26521817,0.0625
8474609,Luke Adam,2008.0,44.0,20102011,20.28747433264887,0.34468514,0.21052631578947367
8474610,Zac Dalpe,2008.0,45.0,20102011,20.914442162902123,0.32005313,0.26666666666666666
8474612,Travis Hamonic,2008.0,53.0,20102011,20.125941136208077,0.29792196,0.41935483870967744
8474613,Derek Stepan,2008.0,51.0,20102011,20.28747433264887,0.39748114,0.5487804878048781
8474616,Patrice Cormier,2008.0,54.0,20102011,20.298425735797398,0.24003257,0.09523809523809523
8474618,Marco Scandella,2008.0,55.0,20102011,20.602327173169062,0.24085014,0.1
8474625,Jimmy Hayes,2008.0,60.0,20112012,21.859000684462696,0.28437924,0.2903225806451613
8474627,Jori Lehtera,2008.0,65.0,20142015,26.77344284736482,0.34642613,0.5866666666666667
8474628,Michael Stone,2008.0,69.0,20122013,22.31895961670089,0.20485337,0.225
8474631,Marc-Andre Bourdon,2008.0,67.0,20112012,22.036960985626283,0.14611596,0.15555555555555556
8474634,Evgeny Grachev,2008.0,75.0,20112012,21.607118412046542,0.2566065,0.15384615384615385
8474638,Andrew Campbell,2008.0,74.0,20142015,26.65571526351814,0.11976278,0.030303030303030304
8474641,Adam Henrique,2008.0,82.0,20112012,21.648186173853524,0.31469363,0.6891891891891891
8474642,Lance Bouma,2008.0,78.0,20102011,20.520191649555098,0.19307686,0.0625
8474646,Brandon McMillan,2008.0,85.0,20102011,20.528405201916495,0.27595067,0.35
8474649,Tomas Kundratek,2008.0,90.0,20122013,22.765229295003422,0.20998938,0.28
8474659,Matt Donovan,2008.0,96.0,20132014,23.397672826830938,0.25709596,0.3076923076923077
8474660,David Warsofsky,2008.0,95.0,20152016,25.338809034907598,0.31886333,0.09090909090909091
8474661,Michal Jordan,2008.0,105.0,20142015,24.20807665982204,0.1936593,0.15789473684210525
8474666,David Ullstrom,2008.0,102.0,20112012,22.442162902121833,0.3197517,0.27586206896551724
8474668,Dale Weise,2008.0,111.0,20112012,23.15400410677618,0.3019441,0.11764705882352941
8474673,TJ Brodie,2008.0,114.0,20112012,21.31690622861054,0.27398288,0.25925925925925924
8474674,James Wright,2008.0,117.0,20092010,19.523613963039015,0.1999058,0.10416666666666667
8474679,Gustav Nyquist,2008.0,121.0,20112012,22.080766598220396,0.399767,0.3888888888888889
8474681,Andrei Loktionov,2008.0,123.0,20102011,20.33949349760438,0.34095383,0.3684210526315789
8474683,Derek Grant,2008.0,119.0,20132014,23.449691991786448,0.21213974,0.1
8474685,Matt Calvert,2008.0,127.0,20102011,20.76933607118412,0.3667277,0.47619047619047616
8474688,Greg Pateryn,2008.0,128.0,20142015,24.281998631074607,0.23008142,0.0
8474697,Mark Borowiecki,2008.0,139.0,20142015,25.22108145106092,0.13167343,0.1746031746031746
8474705,Mark Olver,2008.0,140.0,20102011,22.748802190280628,0.38613304,0.5
8474707,Philip Larsen,2008.0,149.0,20112012,21.815195071868583,0.2570527,0.2
8474709,Matt Martin,2008.0,148.0,20102011,21.399041752224505,0.20952454,0.20588235294117646
8474715,Cam Atkinson,2008.0,157.0,20112012,22.321697467488022,0.3716103,0.5185185185185185
8474716,Jared Spurgeon,2008.0,156.0,20102011,20.83778234086242,0.3010602,0.22641509433962265
8474717,Mark Barberio,2008.0,152.0,20132014,23.526351813826146,0.23916844,0.20408163265306123
8474719,Teemu Hartikainen,2008.0,163.0,20112012,21.412731006160165,0.29421932,0.29411764705882354
8474722,Luke Witkowski,2008.0,160.0,20142015,24.465434633812457,0.1377402,0.0
8474727,Ben Smith,2008.0,169.0,20132014,25.22381930184805,0.3224683,0.3466666666666667
8474730,Jonas Holos,2008.0,170.0,20102011,23.096509240246405,0.2442833,0.15384615384615385
8474736,Zac Rinaldo,2008.0,178.0,20112012,21.295003422313485,0.16168608,0.13636363636363635
8474739,Tommy Wingels,2008.0,177.0,20112012,23.468856947296374,0.21886691,0.2727272727272727
8474743,Zach Redmond,2008.0,184.0,20142015,26.182067077344286,0.23942056,0.3389830508474576
8474749,Matt Bartkowski,2008.0,190.0,20132014,25.32511978097194,0.20729448,0.28125
8470988,Bryan Rodney,,300.0,20092010,25.44284736481862,0.25820923,0.5
8472263,Chris Durno,,300.0,20092010,28.917180013689254,0.23430353,0.1951219512195122
8473673,David Schlemko,,300.0,20092010,22.403832991101986,0.21797101,0.29411764705882354
8473700,Ryan Wilson,,300.0,20092010,22.65845311430527,0.16950418,0.3442622950819672
8474520,Jason Garrison,,300.0,20092010,24.88158795345654,0.18238497,0.20512820512820512
8474551,Ville Leino,,300.0,20092010,25.987679671457904,0.2901857,0.2
8474884,Mike Hoffman,2009.0,130.0,20132014,23.852156057494867,0.27000552,0.24
8474892,Eric Wellwood,2009.0,172.0,20112012,21.571526351813826,0.26372367,0.375
8475087,Christian Hanson,,300.0,20092010,23.561943874058862,0.22661765,0.22580645161290322
8475098,Tyler Bozak,,300.0,20092010,23.537303216974674,0.3722688,0.7297297297297297
8475105,Dan Sexton,,300.0,20092010,22.425735797399042,0.30322346,0.4634146341463415
8475118,Matt Gilroy,,300.0,20092010,25.19917864476386,0.23860486,0.21739130434782608
8475147,Jordan Schroeder,2009.0,22.0,20122013,22.00684462696783,0.38276887,0.2903225806451613
8475148,Tim Erixon,2009.0,23.0,20112012,20.59958932238193,0.4324925,0.1111111111111111
8475149,Marcus Johansson,2009.0,24.0,20102011,19.98631074606434,0.44741753,0.391304347826087
8475150,Jordan Caron,2009.0,25.0,20102011,19.912388774811774,0.3292903,0.30434782608695654
8475151,Kyle Palmieri,2009.0,26.0,20112012,20.66255989048597,0.35819453,0.3888888888888889
8475153,Dylan Olsen,2009.0,28.0,20112012,20.7419575633128,0.12557879,0.03571428571428571
8475154,Carter Ashton,2009.0,29.0,20112012,20.501026694045173,0.24969737,0.0
8475155,Simon Despres,2009.0,30.0,20112012,20.18069815195072,0.22130919,0.2222222222222222
8475157,Landon Ferraro,2009.0,32.0,20152016,24.147843942505133,0.28054756,0.14705882352941177
8475158,Ryan O'Reilly,2009.0,33.0,20092010,18.647501711156742,0.23631845,0.32098765432098764
8475160,Kyle Clifford,2009.0,35.0,20102011,19.71526351813826,0.2464773,0.18421052631578946
8475163,Alex Chiasson,2009.0,38.0,20132014,23.000684462696782,0.26848492,0.4430379746835443
8475164,Jakob Silfverberg,2009.0,39.0,20122013,21.968514715947983,0.4554748,0.3958333333333333
8475165,Anton Lander,2009.0,40.0,20112012,20.438056125941138,0.3947134,0.10714285714285714
8475166,John Tavares,2009.0,1.0,20092010,19.030800821355236,0.6128052,0.6585365853658537
8475167,Victor Hedman,2009.0,2.0,20092010,18.78713210130048,0.525819,0.2702702702702703
8475168,Matt Duchene,2009.0,3.0,20092010,18.70773442847365,0.4241316,0.6790123456790124
8475169,Evander Kane,2009.0,4.0,20092010,18.16563997262149,0.42070794,0.3939393939393939
8475170,Brayden Schenn,2009.0,5.0,20112012,20.109514031485283,0.43223417,0.3333333333333333
8475171,Oliver Ekman-Larsson,2009.0,6.0,20102011,19.208761122518823,0.35958526,0.22916666666666666
8475172,Nazem Kadri,2009.0,7.0,20102011,19.98631074606434,0.41823584,0.41379310344827586
8475174,Jared Cowen,2009.0,9.0,20112012,20.681724845995895,0.2652254,0.2073170731707317
8475175,Magnus Paajarvi,2009.0,10.0,20102011,19.471594798083505,0.45914325,0.425
8475176,Ryan Ellis,2009.0,11.0,20112012,20.7419575633128,0.44476616,0.34375
8475177,Calvin de Haan,2009.0,12.0,20132014,22.39835728952772,0.25794983,0.3137254901960784
8475178,Zack Kassian,2009.0,13.0,20112012,20.684462696783026,0.40908012,0.22727272727272727
8475179,Dmitry Kulikov,2009.0,14.0,20092010,18.924024640657084,0.3601439,0.23529411764705882
8475180,Peter Holland,2009.0,15.0,20122013,21.713894592744694,0.37168774,0.23809523809523808
8475181,Nick Leddy,2009.0,16.0,20102011,19.534565366187543,0.19735594,0.15217391304347827
8475182,David Rundblad,2009.0,17.0,20112012,20.980150581793293,0.4182842,0.23333333333333334
8475183,Louis Leblanc,2009.0,18.0,20112012,20.67898699520876,0.33203062,0.23809523809523808
8475184,Chris Kreider,2009.0,19.0,20122013,21.423682409308693,0.35854343,0.13043478260869565
8475185,Jacob Josefson,2009.0,20.0,20102011,19.583846680355922,0.44346935,0.35714285714285715
8475186,John Moore,2009.0,21.0,20112012,20.865160848733744,0.18552002,0.1044776119402985
8475188,Brayden McNabb,2009.0,66.0,20112012,20.692676249144423,0.2719869,0.32
8475191,Reilly Smith,2009.0,69.0,20122013,21.503080082135522,0.3739782,0.24324324324324326
8475192,Taylor Beck,2009.0,70.0,20122013,21.388090349075977,0.26625058,0.4375
8475193,Tomas Tatar,2009.0,60.0,20122013,21.83436002737851,0.3487545,0.3888888888888889
8475197,Tyson Barrie,2009.0,64.0,20122013,21.1854893908282,0.31489176,0.40625
8475199,Eric Gelinas,2009.0,54.0,20132014,22.401095140314855,0.18972014,0.48333333333333334
8475200,Dmitry Orlov,2009.0,55.0,20112012,20.191649555099247,0.2623527,0.31666666666666665
8475204,Brandon Pirri,2009.0,59.0,20132014,22.477754962354553,0.37700978,0.5102040816326531
8475206,Stefan Elliott,2009.0,49.0,20112012,20.66803559206023,0.26241678,0.3333333333333333
8475208,Brian Dumoulin,2009.0,51.0,20152016,24.0684462696783,0.21628141,0.20253164556962025
8475209,Richard Panik,2009.0,52.0,20122013,21.648186173853524,0.30811992,0.36
8475213,Drew Shore,2009.0,44.0,20122013,21.672826830937716,0.36059445,0.3023255813953488
8475214,Jeremy Morin,2009.0,45.0,20132014,22.46132785763176,0.3397439,0.4583333333333333
8475218,Mattias Ekholm,2009.0,102.0,20132014,23.356605065023956,0.22143707,0.14516129032258066
8475220,Marcus Foligno,2009.0,104.0,20122013,21.144421629021217,0.29416603,0.3829787234042553
8475222,Sami Vatanen,2009.0,106.0,20132014,22.32991101984942,0.32007003,0.4375
8475223,Linden Vey,2009.0,96.0,20132014,22.209445585215605,0.36577326,0.2777777777777778
8475224,Jordan Szwarz,2009.0,97.0,20132014,22.38466803559206,0.28734398,0.11538461538461539
8475225,Craig Smith,2009.0,98.0,20112012,22.069815195071868,0.29583862,0.5
8475227,Chris Wideman,2009.0,100.0,20152016,25.730321697467488,0.28694314,0.203125
8475231,Casey Cizikas,2009.0,92.0,20112012,20.591375770020534,0.2642139,0.26666666666666666
8475233,David Savard,2009.0,94.0,20112012,20.941820670773442,0.27132165,0.3225806451612903
8475235,Nicolas Deslauriers,2009.0,84.0,20132014,22.60643394934976,0.1850072,0.058823529411764705
8475236,Cody Eakin,2009.0,85.0,20112012,20.355920602327174,0.3652533,0.26666666666666666
8475246,Kevin Connauton,2009.0,83.0,20132014,23.603011635865844,0.21327788,0.2222222222222222
8475247,Michael Latta,2009.0,72.0,20132014,22.354551676933607,0.25342578,0.23529411764705882
8475248,Alexander Urbom,2009.0,73.0,20132014,22.781656399726216,0.109810375,0.1
8475250,Andrej Nestrasil,2009.0,75.0,20142015,23.60574948665298,0.24109408,0.37037037037037035
8475253,Garrett Wilson,2009.0,107.0,20152016,24.54483230663929,0.22596295,0.0
8475254,Gabriel Dumont,2009.0,139.0,20162017,25.987679671457904,0.25413662,0.10256410256410256
8475260,Corban Knight,2009.0,135.0,20152016,25.05681040383299,0.25420868,0.35
8475264,Roman Horak,2009.0,127.0,20112012,20.36413415468857,0.26578262,0.18032786885245902
8475266,Tomas Vincour,2009.0,129.0,20102011,19.865845311430526,0.21105097,0.08333333333333333
8475268,Gabriel Bourque,2009.0,132.0,20112012,21.021218343600275,0.23865683,0.4418604651162791
8475274,Seth Helgeson,2009.0,114.0,20142015,23.980835044490075,0.11680582,0.09090909090909091
8475278,Byron Froese,2009.0,119.0,20152016,24.555783709787818,0.35206038,0.08928571428571429
8475279,Ben Chiarot,2009.0,120.0,20142015,23.397672826830938,0.17085305,0.2
8475287,Erik Haula,2009.0,182.0,20132014,22.527036276522928,0.35798898,0.32608695652173914
8475292,Tyler Randell,2009.0,176.0,20152016,24.295687885010267,0.1621914,0.2222222222222222
8475295,Brandon Kozun,2009.0,179.0,20142015,24.566735112936346,0.30585355,0.2
8475304,Scott Timmins,2009.0,165.0,20102011,21.05407255304586,0.2431723,0.05263157894736842
8475309,Jerry D'Amigo,2009.0,158.0,20132014,22.614647501711158,0.23063228,0.13636363636363635
8475310,Curtis McKenzie,2009.0,159.0,20142015,23.60574948665298,0.3238132,0.1388888888888889
8475314,Anders Lee,2009.0,152.0,20132014,23.247091033538673,0.25486553,0.6363636363636364
8475321,Phil Varone,2009.0,147.0,20142015,23.824777549623544,0.3225391,0.17857142857142858
8475323,Marcus Kruger,2009.0,149.0,20112012,21.347022587268995,0.38908422,0.36619718309859156
8475324,Nick Jensen,2009.0,150.0,20162017,26.028747433264886,0.122575514,0.2653061224489796
8475325,Jordan Nolan,2009.0,186.0,20112012,22.272416153319643,0.122862935,0.15384615384615385
8475342,Oliver Lauridsen,2009.0,196.0,20122013,23.523613963039015,0.11472787,0.2
8475343,Nic Dowd,2009.0,198.0,20162017,26.349075975359344,0.2759794,0.3142857142857143
8475381,Mika Pyorala,,300.0,20092010,28.21902806297057,0.3617143,0.1111111111111111
8467579,Trevor Gillies,,300.0,20102011,31.668720054757017,0.11718468,0.05128205128205128
8470986,Darryl Boyce,,300.0,20102011,26.234086242299796,0.24189684,0.2826086956521739
8471636,Tim Sestito,,300.0,20102011,26.091718001368925,0.24672997,0.05555555555555555
8471956,Andrew Desjardins,,300.0,20102011,24.18069815195072,0.27240935,0.17647058823529413
8471976,David Desharnais,,300.0,20102011,24.046543463381244,0.37394977,0.5116279069767442
8472262,Clay Wilson,,300.0,20102011,27.49075975359343,0.28871128,0.3333333333333333
8472379,Tim Stapleton,,300.0,20102011,28.202600958247775,0.2835339,0.15555555555555556
8473908,Kevin Westgarth,,300.0,20102011,26.647501711156742,0.17440039,0.05357142857142857
8473914,Mark Letestu,,300.0,20102011,25.65366187542779,0.37155432,0.421875
8473933,Ben Lovejoy,,300.0,20102011,26.611909650924023,0.20279174,0.3617021276595745
8474220,Jerome Samson,,300.0,20102011,23.07460643394935,0.385354,0.08695652173913043
8474230,Micheal Haley,,300.0,20102011,24.50650239561944,0.16859217,0.1111111111111111
8474291,Jay Beagle,,300.0,20102011,24.958247775496236,0.24147618,0.0967741935483871
8474535,Chris Mueller,,300.0,20102011,24.57221081451061,0.21310091,0.2
8474774,Dalton Prout,2010.0,154.0,20122013,22.55441478439425,0.14228319,0.25
8475060,Matt Taormina,,300.0,20102011,23.94798083504449,0.30117303,0.29411764705882354
8475414,Craig Cunningham,2010.0,97.0,20142015,24.04928131416838,0.2801685,0.13725490196078433
8475462,Radko Gudas,2010.0,66.0,20122013,22.324435318275153,0.17310295,0.22727272727272727
8475602,Casey Wellman,,300.0,20102011,22.954140999315538,0.3784216,0.13333333333333333
8475619,Aaron Volpatti,,300.0,20102011,25.338809034907598,0.25748405,0.13333333333333333
8475637,Bobby Butler,,300.0,20102011,23.433264887063654,0.35863218,0.5833333333333334
8475690,Chris Tanev,,300.0,20102011,20.78028747433265,0.3105314,0.034482758620689655
8475692,Mats Zuccarello,,300.0,20102011,23.082819986310746,0.43358153,0.5476190476190477
8475714,Calle Jarnkrok,2010.0,51.0,20142015,23.017111567419576,0.29431632,0.24324324324324326
8475715,Oscar Lindberg,2010.0,57.0,20152016,23.923340177960302,0.2641637,0.4117647058823529
8475716,Martin Marincin,2010.0,46.0,20132014,21.61806981519507,0.22128622,0.13636363636363635
8475718,Justin Holl,2010.0,54.0,20192020,27.668720054757017,0.2361663,0.2647058823529412
8475722,Jason Zucker,2010.0,59.0,20122013,20.709103353867214,0.35614786,0.25
8475726,Tyler Toffoli,2010.0,47.0,20132014,21.437371663244353,0.34176594,0.46774193548387094
8475727,Ryan Spooner,2010.0,45.0,20132014,21.67008898015058,0.37503108,0.4782608695652174
8475728,Johan Larsson,2010.0,56.0,20132014,21.1854893908282,0.29450554,0.14285714285714285
8475729,Mark Alt,2010.0,53.0,20172018,25.95482546201232,0.1516646,0.0
8475730,Stephen Johns,2010.0,60.0,20162017,24.45448323066393,0.2110805,0.16393442622950818
8475735,Greg McKegg,2010.0,62.0,20152016,23.288158795345655,0.2742296,0.13333333333333333
8475736,Connor Brickley,2010.0,50.0,20152016,23.59753593429158,0.27879822,0.21739130434782608
8475738,Jordan Weal,2010.0,70.0,20162017,24.462696783025326,0.37324506,0.5217391304347826
8475739,Michael Bournival,2010.0,71.0,20132014,21.336071184120467,0.23003444,0.23333333333333334
8475744,Evgeny Kuznetsov,2010.0,26.0,20132014,21.36892539356605,0.36737636,0.5294117647058824
8475745,Charlie Coyle,2010.0,28.0,20122013,20.583162217659137,0.37805787,0.3783783783783784
8475747,Patrik Nemeth,2010.0,41.0,20142015,22.64476386036961,0.15623304,0.13636363636363635
8475749,Christian Thomas,2010.0,40.0,20142015,22.349075975359344,0.29388553,0.05555555555555555
8475750,Jon Merrill,2010.0,38.0,20132014,21.659137577002053,0.21033776,0.21153846153846154
8475752,Tyler Pitlick,2010.0,31.0,20142015,22.915811088295687,0.2607618,0.11764705882352941
8475753,Justin Faulk,2010.0,37.0,20112012,19.531827515400412,0.2941139,0.3333333333333333
8475754,Brock Nelson,2010.0,30.0,20132014,21.963039014373717,0.31279203,0.3611111111111111
8475755,Alexander Petrovic,2010.0,36.0,20142015,22.579055441478438,0.1583305,0.09090909090909091
8475758,Devante Smith-Pelly,2010.0,42.0,20112012,19.29637234770705,0.25118858,0.2653061224489796
8475759,Brandon Gormley,2010.0,13.0,20142015,22.61738535249829,0.32930192,0.14814814814814814
8475760,Nick Bjugstad,2010.0,19.0,20132014,21.207392197125255,0.3339042,0.5
8475761,Beau Bennett,2010.0,20.0,20122013,20.84599589322382,0.41282427,0.5384615384615384
8475762,Derek Forbort,2010.0,15.0,20162017,24.577686516084874,0.1559118,0.21951219512195122
8475763,Kevin Hayes,2010.0,24.0,20142015,22.39835728952772,0.3682865,0.569620253164557
8475764,Cam Fowler,2010.0,12.0,20102011,18.822724161533195,0.3072386,0.5263157894736842
8475765,Vladimir Tarasenko,2010.0,16.0,20122013,20.802190280629706,0.428811,0.5
8475766,Austin Watson,2010.0,18.0,20152016,23.71526351813826,0.30609593,0.17543859649122806
8475768,Jaden Schwartz,2010.0,14.0,20122013,20.268309377138944,0.40573263,0.28888888888888886
8475769,Quinton Howden,2010.0,25.0,20122013,20.695414099931554,0.30970874,0.0
8475770,Emerson Etem,2010.0,29.0,20122013,20.292950034223136,0.36996928,0.2631578947368421
8475772,Riley Sheahan,2010.0,21.0,20132014,21.817932922655714,0.3047264,0.5714285714285714
8475774,Petter Granberg,2010.0,116.0,20152016,23.093771389459274,0.1617301,0.07407407407407407
8475775,Tye McGinn,2010.0,119.0,20122013,22.17659137577002,0.16978735,0.2777777777777778
8475780,Chris Wagner,2010.0,122.0,20152016,24.347707049965777,0.25231576,0.13953488372093023
8475784,Jeff Skinner,2010.0,7.0,20102011,18.376454483230663,0.4015978,0.7682926829268293
8475786,Zach Hyman,2010.0,123.0,20152016,23.310061601642712,0.358306,0.375
8475788,Alexander Burmistrov,2010.0,8.0,20102011,18.94592744695414,0.33792868,0.2702702702702703
8475790,Erik Gudbranson,2010.0,3.0,20112012,19.731690622861056,0.25313118,0.1111111111111111
8475791,Taylor Hall,2010.0,1.0,20102011,18.88021902806297,0.51470023,0.6461538461538462
8475792,Brett Connolly,2010.0,6.0,20112012,19.41409993155373,0.32465503,0.22058823529411764
8475793,Ryan Johansen,2010.0,4.0,20112012,19.16769336071184,0.40365806,0.31343283582089554
8475794,Tyler Seguin,2010.0,2.0,20102011,18.666666666666668,0.4735034,0.2972972972972973
8475795,Dylan McIlrath,2010.0,10.0,20152016,23.446954140999317,0.17977966,0.11764705882352941
8475796,Mark Pysyk,2010.0,23.0,20122013,20.722792607802873,0.20933446,0.2631578947368421
8475797,Jarred Tinordi,2010.0,22.0,20132014,21.61259411362081,0.14483702,0.09090909090909091
8475798,Mikael Granlund,2010.0,9.0,20122013,20.5968514715948,0.4373677,0.2962962962962963
8475799,Nino Niederreiter,2010.0,5.0,20112012,19.06091718001369,0.33514273,0.01818181818181818
8475800,Teemu Pulkkinen,2010.0,111.0,20142015,22.746064339493497,0.31861663,0.25806451612903225
8475807,Joakim Nordstrom,2010.0,90.0,20132014,21.598904859685145,0.18300708,0.1875
8475808,Michael Chaput,2010.0,89.0,20132014,21.478439425051334,0.21674189,0.058823529411764705
8475810,Bryan Rust,2010.0,80.0,20152016,23.38945927446954,0.27861696,0.2682926829268293
8475815,Julian Melchiori,2010.0,87.0,20162017,24.82135523613963,0.13144848,0.1111111111111111
8475816,Stanislav Galiev,2010.0,86.0,20152016,23.704312114989733,0.26545867,0.125
8475820,Joonas Donskoi,2010.0,99.0,20152016,23.46611909650924,0.36057714,0.47368421052631576
8475825,Jani Hakanpää,2010.0,104.0,20202021,28.503764544832308,0.122380674,0.07017543859649122
8475832,Tom Kuhnhackl,2010.0,110.0,20152016,23.693360711841205,0.21806598,0.35714285714285715
8475834,Marcus Sorensen,2010.0,106.0,20162017,24.484599589322382,0.35601193,0.21052631578947367
8475841,Tim Heed,2010.0,132.0,20172018,26.677618069815196,0.3567341,0.3793103448275862
8475842,Sam Carrick,2010.0,144.0,20142015,22.65571526351814,0.28554505,0.125
8475844,Kenny Agostino,2010.0,140.0,20182019,26.420260095824776,0.27627772,0.38095238095238093
8475848,Brendan Gallagher,2010.0,147.0,20122013,20.40520191649555,0.36648822,0.6363636363636364
8475855,Jesper Fast,2010.0,157.0,20142015,22.830937713894592,0.29666016,0.2413793103448276
8475857,Kevin Gravel,2010.0,148.0,20162017,24.57221081451061,0.20723005,0.14285714285714285
8475868,Anthony Bitetto,2010.0,168.0,20152016,25.21286789869952,0.20402513,0.21428571428571427
8475869,Brandon Davidson,2010.0,162.0,20152016,24.112251882272417,0.15085876,0.21568627450980393
8475878,Freddie Hamilton,2010.0,129.0,20142015,22.748802190280628,0.29541516,0.05555555555555555
8475902,Zach Trotman,2010.0,210.0,20142015,24.098562628336754,0.21185473,0.18518518518518517
8475906,John Klingberg,2010.0,131.0,20142015,22.130047912388775,0.31822675,0.6153846153846154
8475907,Micheal Ferland,2010.0,133.0,20142015,22.4476386036961,0.3042991,0.19230769230769232
8475913,Mark Stone,2010.0,178.0,20132014,21.385352498288842,0.3073062,0.42105263157894735
8473647,Frédéric St-Denis,,300.0,20112012,25.686516084873375,0.15772192,0.17647058823529413
8473927,Brad Mills,,300.0,20112012,28.413415468856947,0.17599829,0.037037037037037035
8473942,Trevor Smith,,300.0,20112012,26.642026009582477,0.25654492,0.3125
8473953,Derek Smith,,300.0,20112012,26.965092402464066,0.26397565,0.23404255319148937
8473970,Rob Klinkhammer,,300.0,20112012,25.136208076659823,0.24352872,0.13333333333333333
8474772,Stu Bickel,,300.0,20112012,24.996577686516083,0.13003062,0.17647058823529413
8475613,Nate Prosser,,300.0,20112012,25.401779603011637,0.1743795,0.23529411764705882
8475640,Erik Gustafsson,,300.0,20112012,22.792607802874745,0.32360274,0.16666666666666666
8475650,Brandon Bollig,,300.0,20112012,24.6652977412731,0.1290695,0.0
8476116,Ryan Garbutt,,300.0,20112012,26.135523613963038,0.23193018,0.15
8476158,Harry Zolnierczyk,,300.0,20112012,24.082135523613964,0.2613286,0.16216216216216217
8476177,Matt Read,,300.0,20112012,25.297741273100616,0.27573818,0.5949367088607594
8476205,Stephane Da Costa,,300.0,20112012,22.223134839151268,0.40589193,0.22727272727272727
8476244,Raphael Diaz,,300.0,20112012,25.724845995893222,0.31099004,0.2711864406779661
8476278,Colin Blackwell,2011.0,194.0,20192020,26.510609171800137,0.26879022,0.37037037037037035
8476279,Jyrki Jokipakka,2011.0,195.0,20142015,23.11567419575633,0.17969878,0.19607843137254902
8476285,Matthew Peca,2011.0,201.0,20182019,25.429158110882955,0.27943897,0.2564102564102564
8476288,Ryan Dzingel,2011.0,204.0,20152016,23.561943874058862,0.23787336,0.3
8476289,Alexey Marchenko,2011.0,205.0,20152016,23.745379876796715,0.20949663,0.16666666666666666
8476292,Ondrej Palat,2011.0,208.0,20132014,22.51334702258727,0.38258877,0.7283950617283951
8476293,Scott Wilson,2011.0,209.0,20152016,23.43600273785079,0.29282013,0.25
8476300,Nikita Nesterov,2011.0,148.0,20142015,21.51129363449692,0.17774037,0.25925925925925924
8476302,Frank Corrado,2011.0,150.0,20132014,20.517453798767967,0.19538099,0.06666666666666667
8476303,Rob O'Gara,2011.0,151.0,20172018,24.238193018480494,0.13266255,0.1
8476310,Lukas Sedlak,2011.0,158.0,20162017,23.59753593429158,0.21359736,0.20967741935483872
8476312,Josh Manson,2011.0,160.0,20142015,22.98425735797399,0.12076965,0.10714285714285714
8476323,Max McCormick,2011.0,171.0,20152016,23.416837782340863,0.21149562,0.2
8476326,Josh Archibald,2011.0,174.0,20172018,24.985626283367555,0.2515778,0.2619047619047619
8476329,Travis Boyd,2011.0,177.0,20182019,25.045859000684462,0.25559437,0.37735849056603776
8476331,Dylan DeMelo,2011.0,179.0,20152016,22.417522245037645,0.20570008,0.08888888888888889
8476336,Iiro Pakarinen,2011.0,184.0,20142015,23.10198494182067,0.2971644,0.17647058823529413
8476344,Tyler Graovac,2011.0,191.0,20162017,23.430527036276523,0.20902608,0.17307692307692307
8476345,Gregory Hofmann,2011.0,103.0,20212022,28.88158795345654,0.34508255,0.2916666666666667
8476346,Johnny Gaudreau,2011.0,104.0,20142015,21.13347022587269,0.4649344,0.8
8476352,Michael Mersch,2011.0,110.0,20152016,22.99520876112252,0.27698615,0.17647058823529413
8476356,Tobias Rieder,2011.0,114.0,20142015,21.72210814510609,0.3234755,0.2916666666666667
8476368,Fredrik Claesson,2011.0,126.0,20152016,22.850102669404517,0.15158948,0.125
8476370,Blake Pietila,2011.0,129.0,20182019,25.609856262833677,0.17171521,0.05263157894736842
8476372,Nick Seeler,2011.0,131.0,20172018,24.32854209445585,0.12291303,0.18181818181818182
8476374,Sean Kuraly,2011.0,133.0,20172018,24.695414099931554,0.21769921,0.18666666666666668
8476381,Andrew Shaw,2011.0,139.0,20112012,20.199863107460644,0.25251356,0.6216216216216216
8476386,Shane Prince,2011.0,61.0,20152016,22.872005475701574,0.36493537,0.27419354838709675
8476389,Vincent Trocheck,2011.0,64.0,20132014,20.22450376454483,0.389594,0.4
8476390,Joseph Cramarossa,2011.0,65.0,20162017,23.9315537303217,0.18242088,0.1694915254237288
8476391,T.J. Tynan,2011.0,66.0,20192020,27.59753593429158,0.36893487,0.0625
8476392,Adam Lowry,2011.0,67.0,20142015,21.508555783709788,0.25426674,0.2875
8476393,Nick Cousins,2011.0,68.0,20152016,22.198494182067076,0.3718508,0.3055555555555556
8476399,Blake Coleman,2011.0,75.0,20162017,24.843258042436688,0.43528426,0.08695652173913043
8476400,Logan Shaw,2011.0,76.0,20152016,22.986995208761122,0.19651473,0.1320754716981132
8476403,Klas Dahlbeck,2011.0,79.0,20142015,23.238877481177276,0.21801223,0.17391304347826086
8476404,Andy Andreoff,2011.0,80.0,20142015,23.37577002053388,0.21859297,0.16666666666666666
8476406,Nicholas Shore,2011.0,82.0,20142015,22.012320328542096,0.27263156,0.20588235294117646
8476407,Andy Welinski,2011.0,83.0,20182019,25.429158110882955,0.23946087,0.15384615384615385
8476410,Josh Leivo,2011.0,86.0,20172018,24.35044490075291,0.2699231,0.25
8476415,Kyle Rau,2011.0,91.0,20162017,23.93702943189596,0.2570074,0.125
8476418,Robbie Russo,2011.0,95.0,20162017,23.6249144421629,0.24543133,0.0
8476419,Jean-Gabriel Pageau,2011.0,96.0,20132014,20.8870636550308,0.28474283,0.07142857142857142
8476422,Mike Reilly,2011.0,98.0,20152016,22.217659137577,0.24272707,0.2413793103448276
8476423,Reid Boucher,2011.0,99.0,20132014,20.06297056810404,0.35967386,0.30434782608695654
8476427,Ty Rattie,2011.0,32.0,20182019,25.650924024640656,0.2697614,0.22
8476428,Rocco Grimaldi,2011.0,33.0,20152016,22.642026009582477,0.32356012,0.25
8476429,Scott Mayfield,2011.0,34.0,20162017,23.964407939767284,0.14311366,0.36
8476430,Tomas Jurco,2011.0,35.0,20132014,20.758384668035593,0.2147321,0.4166666666666667
8476431,Adam Clendening,2011.0,36.0,20142015,21.930184804928132,0.34320262,0.19047619047619047
8476432,Boone Jenner,2011.0,37.0,20132014,20.295687885010267,0.35124263,0.4027777777777778
8476436,Dmitrij Jaskin,2011.0,41.0,20132014,20.525667351129364,0.3786694,0.1111111111111111
8476437,Victor Rask,2011.0,42.0,20142015,21.585215605749486,0.2518463,0.4125
8476438,Brandon Saad,2011.0,43.0,20122013,19.928815879534564,0.37882197,0.5869565217391305
8476439,Brett Ritchie,2011.0,44.0,20142015,21.251197809719372,0.31189755,0.2903225806451613
8476440,Markus Granlund,2011.0,45.0,20142015,21.45927446954141,0.37083653,0.375
8476441,Joel Edmundson,2011.0,46.0,20152016,22.258726899383984,0.19955218,0.13432835820895522
8476442,Matt Nieto,2011.0,47.0,20132014,20.903490759753595,0.3070042,0.36363636363636365
8476443,Xavier Ouellet,2011.0,48.0,20142015,21.17453798767967,0.15615037,0.14285714285714285
8476447,Miikka Salomaki,2011.0,52.0,20152016,22.562628336755647,0.21606803,0.16393442622950818
8476448,William Karlsson,2011.0,53.0,20142015,21.727583846680357,0.37917092,0.23809523809523808
8476449,Scott Harrington,2011.0,54.0,20152016,22.559890485968516,0.15184212,0.06666666666666667
8476450,Ryan Sproul,2011.0,55.0,20162017,23.71526351813826,0.20756117,0.25925925925925924
8476451,Lucas Lessio,2011.0,56.0,20142015,21.686516084873375,0.31274396,0.19230769230769232
8476453,Nikita Kucherov,2011.0,58.0,20132014,20.290212183436,0.40430987,0.34615384615384615
8476454,Ryan Nugent-Hopkins,2011.0,1.0,20112012,18.469541409993155,0.48830673,0.8387096774193549
8476455,Gabriel Landeskog,2011.0,2.0,20112012,18.85284052019165,0.39601287,0.6341463414634146
8476456,Jonathan Huberdeau,2011.0,3.0,20122013,19.326488706365502,0.4788196,0.6458333333333334
8476457,Adam Larsson,2011.0,4.0,20112012,18.882956878850102,0.23681949,0.27692307692307694
8476458,Ryan Strome,2011.0,5.0,20132014,20.22450376454483,0.433807,0.4864864864864865
8476459,Mika Zibanejad,2011.0,6.0,20122013,19.45516769336071,0.40304825,0.47619047619047616
8476460,Mark Scheifele,2011.0,7.0,20132014,20.54757015742642,0.39236686,0.5396825396825397
8476461,Sean Couturier,2011.0,8.0,20112012,18.8145106091718,0.4222616,0.35064935064935066
8476462,Dougie Hamilton,2011.0,9.0,20122013,19.290896646132786,0.364941,0.38095238095238093
8476463,Jonas Brodin,2011.0,10.0,20122013,19.222450376454482,0.18813196,0.24444444444444444
8476464,Duncan Siemens,2011.0,11.0,20172018,24.06570841889117,0.14800881,0.125
8476465,Ryan Murphy,2011.0,12.0,20132014,20.503764544832308,0.39433822,0.25
8476466,Sven Baertschi,2011.0,13.0,20122013,19.98904859685147,0.39926508,0.5
8476467,Jamieson Oleksiak,2011.0,14.0,20122013,19.7782340862423,0.2517092,0.125
8476468,J.T. Miller,2011.0,15.0,20122013,19.550992470910334,0.34339812,0.15384615384615385
8476469,Joel Armia,2011.0,16.0,20152016,22.33538672142368,0.35051855,0.23255813953488372
8476470,Nathan Beaulieu,2011.0,17.0,20132014,20.82135523613963,0.24662693,0.11764705882352941
8476472,Oscar Klefbom,2011.0,19.0,20132014,20.199863107460644,0.2605195,0.17647058823529413
8476473,Connor Murphy,2011.0,20.0,20132014,20.517453798767967,0.18682072,0.26666666666666666
8476474,Stefan Noesen,2011.0,21.0,20162017,23.633127994524298,0.24716203,0.22727272727272727
8476476,Joe Morrow,2011.0,23.0,20142015,21.809719370294317,0.29889536,0.06666666666666667
8476477,Matt Puempel,2011.0,24.0,20152016,22.68309377138946,0.33313885,0.11538461538461539
8476479,Phillip Danault,2011.0,26.0,20152016,22.598220396988363,0.2867044,0.19607843137254902
8476480,Vladislav Namestnikov,2011.0,27.0,20142015,21.856262833675565,0.37392652,0.37209302325581395
8476482,Nicklas Jensen,2011.0,29.0,20132014,20.57221081451061,0.23643515,0.35294117647058826
8476483,Rickard Rakell,2011.0,30.0,20132014,20.407939767282684,0.3022021,0.2222222222222222
8470378,Andre Benoit,,300.0,20122013,28.736481861738536,0.21336947,0.30303030303030304
8472410,Stephen Gionta,,300.0,20122013,28.980150581793293,0.20716986,0.2916666666666667
8473658,Victor Bartley,,300.0,20122013,24.621492128678987,0.2204416,0.2916666666666667
8474201,Pierre-Cedric Labrie,,300.0,20122013,25.82067077344285,0.25103435,0.15789473684210525
8474497,Michael Kostka,,300.0,20122013,26.84188911704312,0.22245534,0.22857142857142856
8474818,Jordie Benn,,300.0,20122013,25.1854893908282,0.22081201,0.23076923076923078
8474849,Antoine Roussel,,300.0,20122013,22.861054072553046,0.14123051,0.358974358974359
8474873,Brian Lashoff,,300.0,20122013,22.21218343600274,0.14850985,0.16129032258064516
8475455,Brenden Dillon,,300.0,20122013,21.883641341546884,0.20770238,0.16666666666666666
8475625,Matt Irwin,,300.0,20122013,24.840520191649556,0.24696048,0.3157894736842105
8476162,Steve Oleksy,,300.0,20122013,26.65571526351814,0.16501746,0.32142857142857145
8476195,Cory Conacher,,300.0,20122013,22.798083504449007,0.3904897,0.6170212765957447
8476495,Seth Griffith,2012.0,131.0,20142015,21.738535249828885,0.32612434,0.3333333333333333
8476525,Colin Miller,2012.0,151.0,20152016,22.921286789869953,0.28444618,0.38095238095238093
8476617,Tomas Hyka,2012.0,171.0,20182019,25.52498288843258,0.3611553,0.23529411764705882
8476834,Roman Cervenka,,300.0,20122013,26.809034907597535,0.36184993,0.4358974358974359
8476850,Ryan Murray,2012.0,2.0,20132014,20.01095140314853,0.28334412,0.3181818181818182
8476851,Alex Galchenyuk,2012.0,3.0,20122013,18.633812457221083,0.5010942,0.5625
8476852,Griffin Reinhart,2012.0,4.0,20152016,21.683778234086244,0.21501288,0.034482758620689655
8476853,Morgan Rielly,2012.0,5.0,20132014,19.564681724845997,0.2679051,0.3698630136986301
8476854,Hampus Lindholm,2012.0,6.0,20132014,19.696098562628336,0.1883439,0.38461538461538464
8476855,Nail Yakupov,2012.0,1.0,20122013,18.986995208761122,0.56843126,0.6458333333333334
8476856,Mathew Dumba,2012.0,7.0,20142015,20.186173853524984,0.28198183,0.27586206896551724
8476857,Pontus Aberg,2012.0,37.0,20172018,24.021902806297057,0.35027838,0.3018867924528302
8476858,Phillip Di Giuseppe,2012.0,38.0,20152016,21.976728268309376,0.21864425,0.4146341463414634
8476867,Brendan Gaunce,2012.0,26.0,20152016,21.519507186858316,0.2144884,0.05
8476869,Brady Skjei,2012.0,28.0,20162017,22.518822724161534,0.20654294,0.4875
8476870,Stefan Matteau,2012.0,29.0,20122013,18.60369609856263,0.19610667,0.17647058823529413
8476871,Tanner Pearson,2012.0,30.0,20132014,21.141683778234086,0.32079405,0.28
8476872,Scott Laughton,2012.0,20.0,20142015,20.33949349760438,0.3944656,0.1935483870967742
8476873,Mark Jankowski,2012.0,21.0,20172018,23.04996577686516,0.35150546,0.3472222222222222
8476874,Olli Maatta,2012.0,22.0,20132014,19.110198494182068,0.21936691,0.3717948717948718
8476875,Mike Matheson,2012.0,23.0,20162017,22.5927446954141,0.2043413,0.20987654320987653
8476877,Jordan Schmaltz,2012.0,25.0,20182019,24.980150581793293,0.30059645,0.1
8476878,Zemgus Girgensons,2012.0,14.0,20132014,19.737166324435318,0.20910215,0.3142857142857143
8476879,Cody Ceci,2012.0,15.0,20132014,19.7782340862423,0.26200107,0.1836734693877551
8476880,Tom Wilson,2012.0,16.0,20132014,19.509924709103355,0.31083363,0.12195121951219512
8476881,Tomas Hertl,2012.0,17.0,20132014,19.88501026694045,0.36073703,0.6756756756756757
8476882,Teuvo Teravainen,2012.0,18.0,20142015,20.05475701574264,0.41744965,0.2647058823529412
8476884,Derrick Pouliot,2012.0,8.0,20142015,20.706365503080082,0.3293846,0.20588235294117646
8476885,Jacob Trouba,2012.0,9.0,20132014,19.59479808350445,0.31317022,0.4461538461538462
8476886,Slater Koekkoek,2012.0,10.0,20162017,22.61738535249829,0.16709706,0.13793103448275862
8476887,Filip Forsberg,2012.0,11.0,20142015,20.134154688569474,0.35315165,0.7682926829268293
8476888,Mikhail Grigorenko,2012.0,12.0,20122013,18.379192334017795,0.38430318,0.2
8476889,Radek Faksa,2012.0,13.0,20152016,21.724845995893222,0.22867483,0.26666666666666666
8476891,Matt Grzelcyk,2012.0,85.0,20172018,23.737166324435318,0.2546058,0.2459016393442623
8476892,Colton Parayko,2012.0,86.0,20152016,22.38740588637919,0.20443241,0.4177215189873418
8476894,Brendan Leipsic,2012.0,89.0,20172018,23.370294318959616,0.3692961,0.3793103448275862
8476897,Oskar Sundqvist,2012.0,81.0,20152016,21.52498288843258,0.3001147,0.2222222222222222
8476902,Esa Lindell,2012.0,74.0,20162017,22.360027378507873,0.2516296,0.2465753424657534
8476905,Chandler Stephenson,2012.0,77.0,20172018,23.444216290212182,0.2325612,0.26865671641791045
8476906,Shayne Gostisbehere,2012.0,78.0,20152016,22.4476386036961,0.33189774,0.71875
8476907,Mackenzie MacEachern,2012.0,67.0,20182019,24.56399726214921,0.15578015,0.1724137931034483
8476913,Devin Shore,2012.0,61.0,20162017,22.203969883641342,0.41371214,0.4024390243902439
8476915,Jujhar Khaira,2012.0,63.0,20152016,21.13347022587269,0.14459611,0.13333333333333333
8476917,Adam Pelech,2012.0,65.0,20162017,22.127310061601644,0.15869214,0.22727272727272727
8476918,Jimmy Vesey,2012.0,66.0,20162017,23.351129363449694,0.35782006,0.3375
8476919,Chris Tierney,2012.0,55.0,20142015,20.251882272416154,0.26894665,0.4883720930232558
8476921,Jordan Martinook,2012.0,58.0,20152016,23.184120465434635,0.2792753,0.2962962962962963
8476922,Boo Nieves,2012.0,59.0,20172018,23.68788501026694,0.20634992,0.32142857142857145
8476923,Damon Severson,2012.0,60.0,20142015,20.150581793292265,0.21620157,0.3333333333333333
8476924,Martin Frk,2012.0,49.0,20172018,23.98904859685147,0.2751196,0.36764705882352944
8476925,Colton Sissons,2012.0,50.0,20132014,19.904175222450377,0.25327298,0.23529411764705882
8476927,Teddy Blueger,2012.0,52.0,20182019,24.128678986995208,0.2780947,0.35714285714285715
8476931,Jake McCabe,2012.0,44.0,20152016,21.968514715947983,0.25092408,0.18181818181818182
8476934,Brock McGinn,2012.0,47.0,20152016,21.659137577002053,0.21122468,0.19047619047619047
8476941,Connor Carrick,2012.0,137.0,20132014,19.468856947296374,0.21186359,0.17647058823529413
8476947,Nikolai Prokhorkin,2012.0,121.0,20192020,26.036960985626283,0.36059883,0.32558139534883723
8476948,Charles Hudon,2012.0,122.0,20172018,23.274469541409992,0.35644487,0.4166666666666667
8476952,Dominic Toninato,2012.0,126.0,20172018,23.564681724845997,0.2008175,0.05405405405405406
8476955,Taylor Leier,2012.0,117.0,20172018,23.6249144421629,0.2836717,0.1282051282051282
8476958,Jaccob Slavin,2012.0,120.0,20152016,21.418206707734427,0.20313285,0.31746031746031744
8476960,Andreas Athanasiou,2012.0,110.0,20152016,21.152635181382614,0.2942728,0.3783783783783784
8476966,Gemel Smith,2012.0,104.0,20162017,22.46132785763176,0.20984975,0.35294117647058826
8476967,Brett Kulak,2012.0,105.0,20162017,22.73511293634497,0.16721496,0.14285714285714285
8476971,Kevin Roy,2012.0,97.0,20172018,24.366872005475702,0.28200138,0.28
8476975,Cedric Paquette,2012.0,101.0,20142015,21.13347022587269,0.3115638,0.296875
8476979,Erik Gustafsson,2012.0,93.0,20152016,23.548254620123203,0.3017512,0.34146341463414637
8476981,Josh Anderson,2012.0,95.0,20162017,22.403832991101986,0.29145136,0.3717948717948718
8476982,Danny O'Regan,2012.0,138.0,20172018,23.668720054757017,0.35485217,0.19047619047619047
8476983,Paul LaDue,2012.0,181.0,20162017,24.0684462696783,0.16845067,0.36363636363636365
8476988,Matthew Benning,2012.0,175.0,20162017,22.354551676933607,0.25364748,0.24193548387096775
8476989,Petteri Lindbohm,2012.0,176.0,20142015,21.021218343600275,0.15892652,0.13043478260869565
8476994,Vinnie Hinostroza,2012.0,169.0,20162017,22.496919917864478,0.30674633,0.2857142857142857
8477009,Jake Dotchin,2012.0,161.0,20162017,22.524298425735797,0.13422851,0.3142857142857143
8477010,Joseph Blandisi,2012.0,162.0,20152016,21.204654346338124,0.4009986,0.4146341463414634
8477015,Connor Brown,2012.0,156.0,20162017,22.713210130047912,0.35985702,0.43902439024390244
8477018,Ben Hutton,2012.0,147.0,20152016,22.4476386036961,0.1932556,0.3333333333333333
8477021,Alexander Kerfoot,2012.0,150.0,20172018,23.140314852840522,0.35940793,0.5443037974683544
8477034,Jaycob Megna,2012.0,210.0,20182019,25.806981519507186,0.14218397,0.14285714285714285
8477038,Nikita Gusev,2012.0,202.0,20192020,27.23066392881588,0.4479006,0.6666666666666666
8477043,Christian Djoos,2012.0,195.0,20172018,23.15400410677618,0.3255002,0.2222222222222222
8477046,Joakim Ryan,2012.0,198.0,20172018,24.290212183436,0.2720125,0.1935483870967742
8477059,Damien Brunner,,300.0,20122013,26.56536618754278,0.3886845,0.5909090909090909
8471996,Bracken Kearns,,300.0,20132014,32.388774811772755,0.26388526,0.2
8474207,Nick Holden,,300.0,20132014,26.38193018480493,0.20770848,0.46296296296296297
8474870,Tyler Johnson,,300.0,20132014,23.175906913073238,0.38725927,0.6097560975609756
8475119,Zach Sill,,300.0,20132014,25.35523613963039,0.1274907,0.0
8475423,Darren Archibald,,300.0,20132014,23.641341546885695,0.2165736,0.1875
8475598,Ryan Stanton,,300.0,20132014,24.199863107460644,0.18605371,0.25
8476062,Mark Arcobello,,300.0,20132014,25.136208076659823,0.37284845,0.43902439024390244
8476179,Will Acton,,300.0,20132014,26.21218343600274,0.1566754,0.16666666666666666
8476191,Kevan Miller,,300.0,20132014,25.87816563997262,0.1481936,0.1276595744680851
8476207,Brian Gibbons,,300.0,20132014,25.596167008898014,0.2689461,0.4146341463414634
8476235,Justin Fontaine,,300.0,20132014,25.90280629705681,0.36211172,0.3181818181818182
8476409,Alan Quine,2013.0,166.0,20162017,23.59753593429158,0.3519722,0.29508196721311475
8476545,Kurtis Gabriel,2013.0,81.0,20182019,25.44832306639288,0.12333381,0.18181818181818182
8476765,Mike Halmo,,300.0,20132014,22.38193018480493,0.2187281,0.05
8476792,Torey Krug,,300.0,20132014,22.472279260780287,0.28861162,0.5063291139240507
8476806,JT Brown,,300.0,20132014,23.249828884325805,0.29229587,0.30158730158730157
8476808,Brian Flynn,,300.0,20132014,25.182751540041068,0.2968406,0.16455696202531644
8476819,Jeremy Welsh,,300.0,20132014,25.420944558521562,0.19166946,0.05263157894736842
8476822,Luke Glendening,,300.0,20132014,24.427104722792606,0.23848395,0.125
8477126,Jayson Megna,,300.0,20132014,23.66324435318275,0.15321678,0.25
8477205,Andrej Sustr,,300.0,20132014,22.83915126625599,0.17472851,0.18604651162790697
8477215,Danny DeKeyser,,300.0,20132014,23.57015742642026,0.19460797,0.35384615384615387
8477220,Nate Schmidt,,300.0,20132014,22.21218343600274,0.25470957,0.20689655172413793
8477227,Eriah Hayes,,300.0,20132014,25.234770704996578,0.26419345,0.06666666666666667
8477244,Chad Ruhwedel,,300.0,20132014,23.4031485284052,0.20643236,0.047619047619047616
8477289,Anton Belov,,300.0,20132014,27.175906913073238,0.26898178,0.12280701754385964
8477290,Michael Raffl,,300.0,20132014,24.83230663928816,0.47820148,0.3235294117647059
8477320,Anton Blidh,2013.0,180.0,20162017,21.5523613963039,0.16042699,0.10526315789473684
8477326,Joel Vermin,2013.0,186.0,20162017,24.654346338124572,0.26311997,0.16666666666666666
8477330,Dominik Kubalik,2013.0,191.0,20192020,24.112251882272417,0.34654495,0.6764705882352942
8477335,Kyle Burroughs,2013.0,196.0,20212022,26.223134839151268,0.27074382,0.11904761904761904
8477337,John Gilmour,2013.0,198.0,20172018,24.3750855578371,0.19775966,0.17857142857142858
8477341,Andreas Johnsson,2013.0,202.0,20182019,23.860369609856264,0.34650427,0.589041095890411
8477346,MacKenzie Weegar,2013.0,206.0,20172018,23.731690622861056,0.25772104,0.13333333333333333
8477353,Tyler Motte,2013.0,121.0,20162017,21.56331279945243,0.42409772,0.21212121212121213
8477355,Will Butcher,2013.0,123.0,20172018,22.73511293634497,0.2881445,0.5432098765432098
8477357,Saku Maenalanen,2013.0,125.0,20182019,24.34223134839151,0.32357007,0.23529411764705882
8477359,Tucker Poolman,2013.0,127.0,20172018,24.314852840520192,0.24478197,0.08333333333333333
8477365,Connor Clifton,2013.0,133.0,20182019,23.42778918548939,0.15817791,0.05263157894736842
8477366,Luke Johnson,2013.0,134.0,20182019,24.032854209445585,0.2698979,0.06666666666666667
8477369,Carson Soucy,2013.0,137.0,20192020,25.180013689253936,0.17290895,0.2545454545454545
8477380,Jonny Brodzinski,2013.0,148.0,20172018,24.28473648186174,0.29763302,0.17142857142857143
8477384,Joshua Brown,2013.0,152.0,20182019,24.692676249144423,0.12309576,0.05405405405405406
8477392,Hudson Fasching,2013.0,118.0,20222023,27.17864476386037,0.24297996,0.3877551020408163
8477401,John Hayden,2013.0,74.0,20172018,22.628336755646817,0.26352686,0.2765957446808511
8477402,Pavel Buchnevich,2013.0,75.0,20172018,22.458590006844627,0.37390545,0.581081081081081
8477404,Jake Guentzel,2013.0,77.0,20162017,21.987679671457904,0.404723,0.825
8477406,Mattias Janmark,2013.0,79.0,20152016,22.811772758384667,0.35740802,0.3972602739726027
8477407,Anthony Duclair,2013.0,80.0,20142015,19.09924709103354,0.37566227,0.3888888888888889
8477409,Carter Verhaeghe,2013.0,82.0,20192020,24.13141683778234,0.34553975,0.25
8477413,Sven Andrighetto,2013.0,86.0,20152016,22.529774127310063,0.29402146,0.38636363636363635
8477415,Anton Slepyshev,2013.0,88.0,20162017,22.38740588637919,0.22581011,0.24390243902439024
8477416,Oliver Bjorkstrand,2013.0,89.0,20162017,21.478439425051334,0.32869422,0.5
8477417,Peter Cehlarik,2013.0,90.0,20182019,23.16495550992471,0.296319,0.3
8477419,Mason Geertsen,2013.0,93.0,20212022,26.45311430527036,0.13767155,0.0
8477425,Miles Wood,2013.0,100.0,20162017,21.05133470225873,0.29591233,0.2833333333333333
8477426,Nick Paul,2013.0,101.0,20152016,20.53388090349076,0.26114723,0.20833333333333334
8477429,Andrew Copp,2013.0,104.0,20152016,21.232032854209447,0.32890046,0.16883116883116883
8477433,Ben Harpur,2013.0,108.0,20172018,22.718685831622178,0.2146233,0.024390243902439025
8477435,Ryan Graves,2013.0,110.0,20182019,23.364818617385353,0.1241121,0.19230769230769232
8477444,Andre Burakovsky,2013.0,23.0,20142015,19.641341546885695,0.35953173,0.41509433962264153
8477446,Michael McCarron,2013.0,25.0,20152016,20.569472963723477,0.27011934,0.1
8477447,Shea Theodore,2013.0,26.0,20152016,20.161533196440793,0.29004857,0.42105263157894735
8477448,Marko Dano,2013.0,27.0,20142015,19.835728952772072,0.19281775,0.6
8477450,Jason Dickinson,2013.0,29.0,20172018,22.245037645448324,0.24192499,0.07407407407407407
8477451,Ryan Hartman,2013.0,30.0,20162017,22.031485284052017,0.28584668,0.40789473684210525
8477452,Ian McCoshen,2013.0,31.0,20172018,22.157426420260094,0.14171351,0.10526315789473684
8477453,Chris Bigras,2013.0,32.0,20152016,20.605065023956193,0.2706293,0.0967741935483871
8477454,Adam Erne,2013.0,33.0,20162017,21.451060917180012,0.24069211,0.11538461538461539
8477455,Jacob de la Rose,2013.0,34.0,20142015,19.367556468172484,0.23185961,0.18181818181818182
8477456,J.T. Compher,2013.0,35.0,20162017,21.4839151266256,0.4034109,0.23809523809523808
8477458,Valentin Zykov,2013.0,37.0,20182019,23.381245722108144,0.32711267,0.17857142857142858
8477460,Laurent Dauphin,2013.0,39.0,20162017,21.516769336071185,0.2174262,0.125
8477461,Remi Elie,2013.0,40.0,20162017,21.462012320328544,0.17263012,0.3888888888888889
8477462,Robert Hagg,2013.0,41.0,20172018,22.64476386036961,0.16820836,0.12857142857142856
8477463,Steven Santini,2013.0,42.0,20162017,21.571526351813826,0.19028382,0.18421052631578946
8477464,Nic Petan,2013.0,43.0,20152016,20.528405201916495,0.40927607,0.23076923076923078
8477467,Gustav Olofsson,2013.0,46.0,20172018,22.833675564681723,0.21681803,0.1951219512195122
8477471,Dillon Heatherington,2013.0,50.0,20212022,26.39835728952772,0.123947695,0.0
8477472,Carl Dahlstrom,2013.0,51.0,20182019,23.67419575633128,0.21364933,0.15789473684210525
8477473,Justin Bailey,2013.0,52.0,20162017,21.253935660506503,0.30609715,0.125
8477474,Madison Bowey,2013.0,53.0,20172018,22.444900752908968,0.22107525,0.23529411764705882
8477476,Artturi Lehkonen,2013.0,55.0,20162017,21.245722108145106,0.38544428,0.3835616438356164
8477478,William Carrier,2013.0,57.0,20162017,21.782340862423,0.26478812,0.1951219512195122
8477479,Tyler Bertuzzi,2013.0,58.0,20172018,22.600958247775495,0.3024328,0.5
8477482,Zachary Sanford,2013.0,61.0,20162017,21.894592744695416,0.29633075,0.20512820512820512
8477488,Brett Pesce,2013.0,66.0,20152016,20.876112251882272,0.19625689,0.2318840579710145
8477491,Nick Baptiste,2013.0,69.0,20172018,22.16016427104723,0.3012613,0.18181818181818182
8477492,Nathan MacKinnon,2013.0,1.0,20132014,18.083504449007528,0.56869215,0.7682926829268293
8477493,Aleksander Barkov,2013.0,2.0,20132014,18.080766598220396,0.55036026,0.4444444444444444
8477494,Jonathan Drouin,2013.0,3.0,20142015,19.512662559890487,0.4631701,0.45714285714285713
8477495,Seth Jones,2013.0,4.0,20132014,18.99520876112252,0.2690391,0.3246753246753247
8477496,Elias Lindholm,2013.0,5.0,20132014,18.830937713894592,0.4397373,0.3620689655172414
8477497,Sean Monahan,2013.0,6.0,20132014,18.97056810403833,0.3609122,0.4533333333333333
8477498,Darnell Nurse,2013.0,7.0,20152016,20.654346338124572,0.27425393,0.14492753623188406
8477499,Rasmus Ristolainen,2013.0,8.0,20132014,18.92950034223135,0.2528123,0.11764705882352941
8477500,Bo Horvat,2013.0,9.0,20142015,19.49075975359343,0.3836036,0.36764705882352944
8477501,Valeri Nichushkin,2013.0,10.0,20132014,18.579055441478438,0.33217612,0.43037974683544306
8477502,Samuel Morin,2013.0,11.0,20202021,25.22381930184805,0.2770058,0.05
8477503,Max Domi,2013.0,12.0,20152016,20.583162217659137,0.41324672,0.6419753086419753
8477504,Josh Morrissey,2013.0,13.0,20162017,21.51403148528405,0.22687353,0.24390243902439024
8477505,Alexander Wennberg,2013.0,14.0,20142015,20.024640657084188,0.3488856,0.29411764705882354
8477506,Ryan Pulock,2013.0,15.0,20152016,20.985626283367555,0.30633774,0.26666666666666666
8477507,Nikita Zadorov,2013.0,16.0,20142015,19.460643394934976,0.25135753,0.25
8477508,Curtis Lazar,2013.0,17.0,20142015,19.66050650239562,0.31831354,0.22388059701492538
8477509,Mirco Mueller,2013.0,18.0,20142015,19.531827515400412,0.19894771,0.10256410256410256
8477510,Kerby Rychel,2013.0,19.0,20152016,20.982888432580424,0.3389226,0.28125
8477511,Anthony Mantha,2013.0,20.0,20162017,22.04243668720055,0.3093004,0.6
8477512,Frederik Gauthier,2013.0,21.0,20162017,21.43463381245722,0.19634022,0.14285714285714285
8472424,Ryan Hamilton,,300.0,20142015,29.462012320328544,0.1991431,0.125
8473911,Steven Pinizzotto,,300.0,20142015,30.431211498973305,0.19490762,0.2222222222222222
8475671,Matt Fraser,,300.0,20142015,24.366872005475702,0.2677019,0.2
8476624,Barclay Goodrow,,300.0,20142015,21.593429158110883,0.25329092,0.2
8476807,Matt Tennyson,,300.0,20142015,24.44079397672827,0.18532202,0.2962962962962963
8477213,Tim Schaller,,300.0,20142015,23.874058863791923,0.16003509,0.1111111111111111
8477573,Nathan Walker,2014.0,89.0,20212022,27.64681724845996,0.30316138,0.4
8477589,Ronalds Kenins,,300.0,20142015,23.589322381930184,0.29248556,0.4
8477591,Josh Jooris,,300.0,20142015,24.216290212183434,0.18355946,0.4
8477845,Trevor van Riemsdyk,,300.0,20142015,23.189596167008897,0.2667317,0.05555555555555555
8477850,Christian Folin,,300.0,20142015,23.641341546885695,0.16804664,0.25
8477902,Dennis Everberg,,300.0,20142015,22.751540041067763,0.38250062,0.21818181818181817
8477922,Melker Karlsson,,300.0,20142015,24.205338809034906,0.28898248,0.4528301886792453
8477930,Pierre-Edouard Bellemare,,300.0,20142015,29.571526351813826,0.3389858,0.14814814814814814
8477932,Aaron Ekblad,2014.0,1.0,20142015,18.647501711156742,0.38061252,0.48148148148148145
8477933,Sam Reinhart,2014.0,2.0,20152016,19.901437371663246,0.5031462,0.5316455696202531
8477934,Leon Draisaitl,2014.0,3.0,20142015,18.92950034223135,0.4338766,0.24324324324324326
8477935,Sam Bennett,2014.0,4.0,20152016,19.279945242984258,0.40002185,0.4675324675324675
8477936,Michael Dal Colle,2014.0,5.0,20182019,22.28062970568104,0.22020626,0.25
8477937,Jake Virtanen,2014.0,6.0,20152016,19.121149897330596,0.32334524,0.23636363636363636
8477938,Haydn Fleury,2014.0,7.0,20172018,21.232032854209447,0.23861328,0.11940298507462686
8477939,William Nylander,2014.0,8.0,20152016,19.416837782340863,0.45613632,0.5909090909090909
8477940,Nikolaj Ehlers,2014.0,9.0,20152016,19.627652292950035,0.4676975,0.5277777777777778
8477941,Nick Ritchie,2014.0,10.0,20152016,19.822039698836413,0.31473,0.12121212121212122
8477942,Kevin Fiala,2014.0,11.0,20162017,20.194387405886378,0.36423075,0.2962962962962963
8477943,Brendan Perlini,2014.0,12.0,20162017,20.42984257357974,0.23227093,0.3684210526315789
8477944,Jakub Vrana,2014.0,13.0,20162017,20.591375770020534,0.4145625,0.2857142857142857
8477945,Julius Honka,2014.0,14.0,20162017,20.829568788501028,0.34047082,0.3125
8477946,Dylan Larkin,2014.0,15.0,20152016,19.170431211498972,0.4288487,0.5625
8477947,Sonny Milano,2014.0,16.0,20172018,21.388090349075977,0.35246474,0.4
8477948,Travis Sanheim,2014.0,17.0,20172018,21.508555783709788,0.23604998,0.20408163265306123
8477949,Alex Tuch,2014.0,18.0,20172018,21.39356605065024,0.3352999,0.47435897435897434
8477950,Tony DeAngelo,2014.0,19.0,20162017,20.93908281998631,0.35161772,0.358974358974359
8477951,Nick Schmaltz,2014.0,20.0,20162017,20.605065023956193,0.42508793,0.45901639344262296
8477952,Robby Fabbri,2014.0,21.0,20152016,19.690622861054074,0.41388273,0.5138888888888888
8477953,Kasperi Kapanen,2014.0,22.0,20172018,21.190965092402465,0.39356315,0.23684210526315788
8477955,Jared McCann,2014.0,24.0,20152016,19.3347022587269,0.37248382,0.2608695652173913
8477956,David Pastrnak,2014.0,25.0,20142015,18.351813826146476,0.40492478,0.5869565217391305
8477957,Nikita Scherbak,2014.0,26.0,20172018,21.754962354551676,0.31650454,0.23076923076923078
8477958,Nikolay Goldobin,2014.0,27.0,20172018,21.984941820670773,0.38209546,0.3684210526315789
8477959,Joshua Ho-Sang,2014.0,28.0,20162017,20.692676249144423,0.29479814,0.47619047619047616
8477960,Adrian Kempe,2014.0,29.0,20162017,20.04928131416838,0.26447198,0.24
8477961,John Quenneville,2014.0,30.0,20182019,22.458590006844627,0.30181432,0.05263157894736842
8477962,Brendan Lemieux,2014.0,31.0,20182019,22.546201232032853,0.3258795,0.2698412698412698
8477963,Jayce Hawryluk,2014.0,32.0,20182019,22.748802190280628,0.2508503,0.2857142857142857
8477964,Ivan Barbashev,2014.0,33.0,20162017,20.799452429842574,0.23711614,0.4
8477969,Marcus Pettersson,2014.0,38.0,20172018,21.399041752224505,0.24732095,0.18181818181818182
8477971,Andreas Englund,2014.0,40.0,20192020,23.693360711841205,0.13398592,0.125
8477973,Vladislav Kamenev,2014.0,42.0,20182019,22.135523613963038,0.2952233,0.21739130434782608
8477974,Ryan MacInnis,2014.0,43.0,20202021,24.629705681040384,0.24817918,0.0
8477979,Nicolas Aube-Kubel,2014.0,48.0,20192020,23.392197125256672,0.22500518,0.4166666666666667
8477986,Brandon Montour,2014.0,55.0,20162017,22.47501711156742,0.34794524,0.2222222222222222
8477987,Ryan Donato,2014.0,56.0,20182019,22.477754962354553,0.3770369,0.44642857142857145
8477989,Christian Dvorak,2014.0,58.0,20162017,20.66255989048597,0.3936977,0.4230769230769231
8477993,Justin Kirkland,2014.0,62.0,20242025,28.164271047227928,0.24734591,0.38095238095238093
8477996,Juho Lammikko,2014.0,65.0,20202021,24.673511293634498,0.3432195,0.11363636363636363
8477997,Nikita Tryamkin,2014.0,66.0,20162017,22.088980150581794,0.1892081,0.13636363636363635
8477998,Warren Foegele,2014.0,67.0,20182019,22.49965776865161,0.28048617,0.19480519480519481
8478004,Brett Lernout,2014.0,73.0,20172018,22.02053388090349,0.13283806,0.05555555555555555
8478010,Brayden Point,2014.0,79.0,20162017,20.553045859000683,0.39783388,0.5882352941176471
8478013,Jake Walman,2014.0,82.0,20202021,24.61327857631759,0.19599578,0.08333333333333333
8478017,Mark Friedman,2014.0,86.0,20212022,25.76865160848734,0.3090773,0.19230769230769232
8478020,Michael Amadio,2014.0,90.0,20182019,22.38466803559206,0.39409676,0.3023255813953488
8478021,William Lagesson,2014.0,91.0,20212022,25.607118412046542,0.17691728,0.15151515151515152
8478027,Lucas Wallmark,2014.0,97.0,20182019,23.071868583162217,0.40594324,0.345679012345679
8478028,Fredrik Olofsson,2014.0,98.0,20222023,26.34633812457221,0.3276836,0.14285714285714285
8478036,Christoffer Ehn,2014.0,106.0,20182019,22.48870636550308,0.21080461,0.15
8478038,Devon Toews,2014.0,108.0,20182019,24.607802874743328,0.27231246,0.375
8478040,Austin Poganski,2014.0,110.0,20212022,25.623545516769337,0.26227832,0.0
8478042,Viktor Arvidsson,2014.0,112.0,20152016,22.480492813141684,0.3079097,0.2857142857142857
8478043,Sam Lafferty,2014.0,113.0,20192020,24.57221081451061,0.24866681,0.26
8478046,Danton Heinen,2014.0,116.0,20172018,22.24229979466119,0.31987736,0.6103896103896104
8478047,Michael Bunting,2014.0,117.0,20202021,25.0403832991102,0.32867658,0.6190476190476191
8478051,Max Willman,2014.0,121.0,20212022,26.63107460643395,0.21480708,0.14634146341463414
8478055,Gustav Forsling,2014.0,126.0,20162017,20.303901437371664,0.28993338,0.13157894736842105
8478056,Clark Bishop,2014.0,127.0,20182019,22.507871321013006,0.22036375,0.15
8478057,Dakota Joshua,2014.0,128.0,20212022,25.37987679671458,0.20604458,0.26666666666666666
8478062,Dysin Mayo,2014.0,133.0,20212022,25.12251882272416,0.13143536,0.1791044776119403
8478067,Oskar Lindblom,2014.0,138.0,20172018,21.127994524298426,0.39545837,0.2608695652173913
8478073,Anton Lindholm,2014.0,144.0,20172018,22.83915126625599,0.1660597,0.08333333333333333
8478074,Anthony Angello,2014.0,145.0,20202021,24.57221081451061,0.20028836,0.21052631578947367
8478075,Anders Bjork,2014.0,146.0,20172018,21.155373032169745,0.40560415,0.4
8478078,Rourke Chartier,2014.0,149.0,20232024,27.49349760438056,0.24051979,0.08108108108108109
8478099,Kevin Labanc,2014.0,171.0,20162017,20.804928131416837,0.40726304,0.36363636363636365
8478104,Samuel Blais,2014.0,176.0,20182019,22.288843258042437,0.2676667,0.125
8478106,Dylan Sikura,2014.0,178.0,20182019,23.3347022587269,0.38855204,0.24242424242424243
8478109,Victor Olofsson,2014.0,181.0,20192020,24.205338809034906,0.35292095,0.7777777777777778
8478115,Pierre Engvall,2014.0,188.0,20192020,23.3347022587269,0.21422505,0.3125
8478131,Ondrej Kase,2014.0,205.0,20162017,20.89801505817933,0.3019358,0.2830188679245283
8478133,Jake Evans,2014.0,207.0,20202021,24.331279945242983,0.26159522,0.2765957446808511
8478136,Jacob Middleton,2014.0,210.0,20212022,25.746748802190282,0.16969615,0.21212121212121213
8478137,Jiri Sekac,,300.0,20142015,22.308008213552363,0.33548254,0.3333333333333333
8474850,Brandon Mashinter,,300.0,20152016,27.028062970568104,0.16819486,0.12195121951219512
8475430,Brandon Manning,,300.0,20152016,25.32511978097194,0.25104854,0.125
8476209,Mike Sislo,,300.0,20152016,27.696098562628336,0.2384632,0.2222222222222222
8476539,Jonathan Marchessault,,300.0,20152016,24.761122518822724,0.37423843,0.4
8476769,Bobby Farnham,,300.0,20152016,26.691307323750856,0.15546674,0.18867924528301888
8476772,Brian O'Neill,,300.0,20152016,27.33196440793977,0.39239588,0.09090909090909091
8477300,Viktor Svedberg,,300.0,20152016,24.355920602327174,0.13125351,0.14814814814814814
8477839,Conor Sheary,,300.0,20152016,23.312799452429843,0.3105837,0.22727272727272727
8477851,Jordan Oesterle,,300.0,20152016,23.266255989048595,0.26602527,0.29411764705882354
8477901,Daniel Carr,,300.0,20152016,23.915126625598905,0.24362691,0.391304347826087
8477929,Dennis Rasmussen,,300.0,20152016,25.245722108145106,0.1851347,0.20454545454545456
8478147,Bokondji Imama,2015.0,180.0,20242025,28.161533196440793,0.11679981,0.0625
8478233,Andrew Mangiapane,2015.0,166.0,20182019,22.491444216290212,0.4121119,0.29545454545454547
8478366,Frank Vatrano,,300.0,20152016,21.54962354551677,0.25459206,0.28205128205128205
8478396,Noah Hanifin,2015.0,5.0,20152016,18.680355920602327,0.27126318,0.27848101265822783
8478397,Rasmus Andersson,2015.0,53.0,20182019,21.927446954141,0.3150277,0.24050632911392406
8478398,Kyle Connor,2015.0,17.0,20162017,19.811088295687885,0.5079968,0.25
8478399,Jonas Siegenthaler,2015.0,57.0,20182019,21.404517453798768,0.15211728,0.15384615384615385
8478400,Colin White,2015.0,21.0,20172018,20.66803559206023,0.341639,0.2857142857142857
8478401,Pavel Zacha,2015.0,6.0,20162017,19.488021902806295,0.30108348,0.34285714285714286
8478402,Connor McDavid,2015.0,1.0,20152016,18.713210130047912,0.7794316,1.0666666666666667
8478403,Jack Eichel,2015.0,2.0,20152016,18.924024640657084,0.6237817,0.691358024691358
8478407,Vince Dunn,2015.0,56.0,20172018,20.922655715263517,0.3090409,0.32
8478408,Travis Dermott,2015.0,34.0,20172018,20.774811772758383,0.24910103,0.35135135135135137
8478409,Anthony Richard,2015.0,100.0,20242025,27.78097193702943,0.29626185,0.4
8478413,Jordan Greenway,2015.0,50.0,20182019,21.620807665982205,0.25868288,0.2962962962962963
8478414,Timo Meier,2015.0,9.0,20162017,19.980835044490075,0.4196473,0.17647058823529413
8478415,Jakub Zboril,2015.0,13.0,20202021,23.60848733744011,0.20559713,0.21428571428571427
8478416,Erik Cernak,2015.0,43.0,20182019,21.34428473648186,0.16740786,0.27586206896551724
8478417,Jakob Forsbacka Karlsson,2015.0,45.0,20182019,21.916495550992472,0.28670657,0.32142857142857145
8478420,Mikko Rantanen,2015.0,10.0,20162017,19.923340177960302,0.4186663,0.5066666666666667
8478421,Anthony-John (AJ) Greer,2015.0,39.0,20172018,20.79671457905544,0.25410312,0.17647058823529413
8478424,Jansen Harkins,2015.0,47.0,20192020,22.357289527720738,0.23023127,0.2413793103448276
8478425,Brendan Guhle,2015.0,51.0,20172018,20.175222450376456,0.21368957,0.2777777777777778
8478427,Sebastian Aho,2015.0,35.0,20162017,19.184120465434635,0.45701262,0.5975609756097561
8478430,Oliver Kylington,2015.0,60.0,20182019,21.36892539356605,0.3103904,0.21052631578947367
8478431,Evgeny Svechnikov,2015.0,19.0,20202021,23.917864476386036,0.231347,0.38095238095238093
8478432,Christian Fischer,2015.0,32.0,20172018,20.462696783025326,0.30018342,0.4177215189873418
8478434,Keegan Kolesar,2015.0,69.0,20202021,23.482546201232033,0.22036827,0.29545454545454547
8478438,Thomas Novak,2015.0,85.0,20212022,24.427104722792606,0.41721568,0.25925925925925924
8478439,Travis Konecny,2015.0,24.0,20162017,19.55920602327173,0.41041607,0.4
8478440,Dylan Strome,2015.0,3.0,20172018,20.569472963723477,0.40688583,0.42857142857142855
8478443,Brandon Carlo,2015.0,37.0,20162017,19.8466803559206,0.16862744,0.1951219512195122
8478444,Brock Boeser,2015.0,23.0,20172018,20.5968514715948,0.3297177,0.8870967741935484
8478445,Mathew Barzal,2015.0,16.0,20172018,20.35044490075291,0.3749977,1.0365853658536586
8478447,Nick Merkley,2015.0,30.0,20202021,23.359342915811087,0.2754526,0.37037037037037035
8478449,Roope Hintz,2015.0,49.0,20182019,21.869952087611225,0.244484,0.3793103448275862
8478450,Parker Wotherspoon,2015.0,112.0,20232024,26.102669404517453,0.18672672,0.1951219512195122
8478451,Ethan Bear,2015.0,124.0,20172018,20.265571526351813,0.24312665,0.2222222222222222
8478452,Caleb Jones,2015.0,117.0,20182019,21.319644079397673,0.21994177,0.35294117647058826
8478454,Noah Juulsen,2015.0,26.0,20172018,20.49828884325804,0.20872839,0.13043478260869565
8478455,Austin Wagner,2015.0,99.0,20182019,21.27310061601643,0.22436996,0.3387096774193548
8478458,Jack Roslovic,2015.0,25.0,20172018,20.670773442847366,0.34616926,0.45161290322580644
8478460,Zach Werenski,2015.0,8.0,20162017,19.20328542094456,0.35766265,0.6025641025641025
8478462,Nicolas Roy,2015.0,96.0,20192020,22.650239561943874,0.22310877,0.35714285714285715
8478463,Anthony Beauvillier,2015.0,28.0,20162017,19.315537303216974,0.38229513,0.36363636363636365
8478465,Guillaume Brisebois,2015.0,66.0,20222023,25.196440793976727,0.21149178,0.17647058823529413
8478466,Daniel Sprong,2015.0,46.0,20152016,18.54072553045859,0.29409504,0.1111111111111111
8478467,Nicolas Meloche,2015.0,40.0,20212022,24.205338809034906,0.15203276,0.14
8478468,Jeremy Lauzon,2015.0,52.0,20182019,21.426420260095824,0.14033058,0.0625
8478469,Thomas Chabot,2015.0,18.0,20172018,20.66803559206023,0.32291698,0.3968253968253968
8478472,Mathieu Joseph,2015.0,120.0,20182019,21.639972621492127,0.34740266,0.37142857142857144
8478474,Lawson Crouse,2015.0,11.0,20162017,19.274469541409992,0.3043947,0.16666666666666666
8478476,Kyle Capobianco,2015.0,63.0,20212022,24.134154688569474,0.25048283,0.2
8478477,Mitchell Stephens,2015.0,33.0,20192020,22.650239561943874,0.29473796,0.15789473684210525
8478483,Mitch Marner,2015.0,4.0,20162017,19.408624229979466,0.4617835,0.7922077922077922
8478488,Filip Chlapik,2015.0,48.0,20172018,20.32854209445585,0.36739326,0.2
8478491,Jacob Larsson,2015.0,27.0,20182019,21.423682409308693,0.19526473,0.10204081632653061
8478493,Joel Eriksson Ek,2015.0,20.0,20162017,19.67145790554415,0.2962093,0.4666666666666667
8478495,Denis Gurianov,2015.0,12.0,20182019,21.31690622861054,0.27365196,0.19047619047619047
8478498,Jake DeBrusk,2015.0,14.0,20172018,20.955509924709105,0.36901277,0.6142857142857143
8478500,Ivan Provorov,2015.0,7.0,20162017,19.71526351813826,0.29632047,0.36585365853658536
8478502,Dennis Gilbert,2015.0,91.0,20192020,22.91854893908282,0.15545133,0.14285714285714285
8478506,Gabriel Carlsson,2015.0,29.0,20212022,24.744695414099933,0.19251084,0.23684210526315788
8478507,John Marino,2015.0,154.0,20192020,22.362765229295004,0.15731516,0.4642857142857143
8478508,Yakov Trenin,2015.0,55.0,20192020,22.713210130047912,0.21124107,0.2857142857142857
8478519,Anthony Cirelli,2015.0,72.0,20172018,20.213552361396303,0.2741606,0.6111111111111112
8478528,Tanner Kero,,300.0,20152016,23.186858316221766,0.29167762,0.17647058823529413
8478550,Artemi Panarin,,300.0,20152016,23.920602327173167,0.45616433,0.9625
8478561,Andreas Martinsen,,300.0,20152016,25.300479123887747,0.26684105,0.2
8478562,Jakub Nakladal,,300.0,20152016,27.753593429158112,0.1475211,0.18518518518518517
8478563,Evgeny Medvedev,,300.0,20152016,33.09514031485284,0.19918783,0.26666666666666666
8478564,Joonas Kemppainen,,300.0,20152016,27.482546201232033,0.24015075,0.11363636363636363
8478566,Sergey Kalinin,,300.0,20152016,24.542094455852155,0.24041945,0.19230769230769232
8478569,Noel Acciari,,300.0,20152016,23.83299110198494,0.23103799,0.05263157894736842
8478831,Kevin Stenlund,2015.0,58.0,20192020,23.028062970568104,0.20877686,0.3125
8478833,J.C. Beaudin,2015.0,71.0,20192020,22.518822724161534,0.180478,0.045454545454545456
8478840,Will Borgen,2015.0,92.0,20212022,24.78302532511978,0.19861427,0.2222222222222222
8478841,Colton White,2015.0,97.0,20212022,24.413415468856947,0.15813713,0.14814814814814814
8478843,Denis Malgin,2015.0,102.0,20162017,19.701574264202602,0.34613627,0.2127659574468085
8478844,Mikhail Vorobyev,2015.0,104.0,20182019,21.73579739904175,0.25473017,0.13333333333333333
8478846,Christian Wolanin,2015.0,107.0,20182019,23.54277891854894,0.26276007,0.4
8478851,Alexandre Carrier,2015.0,115.0,20202021,23.980835044490075,0.28949794,0.15789473684210525
8478854,Ryan Shea,2015.0,121.0,20232024,26.633812457221083,0.180763,0.03225806451612903
8478856,Conor Garland,2015.0,123.0,20182019,22.55715263518138,0.33437812,0.3829787234042553
8478857,Dmytro Timashov,2015.0,125.0,20192020,22.99794661190965,0.29000923,0.20454545454545456
8478859,Niko Mikkola,2015.0,127.0,20202021,24.42984257357974,0.15689957,0.1
8478864,Kirill Kaprizov,2015.0,135.0,20202021,23.433264887063654,0.43090045,0.9272727272727272
8478866,Dominik Simon,2015.0,137.0,20172018,23.148528405201915,0.29665667,0.36363636363636365
8478868,Christian Jaros,2015.0,139.0,20182019,22.496919917864478,0.19103636,0.16393442622950818
8478870,Rudolfs Balcers,2015.0,142.0,20182019,21.481177275838466,0.3377045,0.3888888888888889
8478873,Troy Terry,2015.0,148.0,20182019,21.05681040383299,0.40139222,0.40625
8478874,Adam Gaudette,2015.0,149.0,20182019,21.99315537303217,0.38943186,0.21428571428571427
8478881,Brett Seney,2015.0,157.0,20182019,22.590006844626966,0.32533118,0.2549019607843137
8478882,Vladislav Gavrikov,2015.0,159.0,20192020,23.860369609856264,0.21775106,0.2608695652173913
8478891,Mason Appleton,2015.0,168.0,20182019,22.71047227926078,0.36947516,0.2777777777777778
8478904,Steven Lorentz,2015.0,186.0,20202021,24.468172484599588,0.24923624,0.17777777777777778
8478906,Markus Nutivaara,2015.0,189.0,20162017,22.321697467488022,0.28275162,0.10606060606060606
8478911,Matt Roy,2015.0,194.0,20182019,23.586584531143053,0.1913967,0.24
8478915,Sami Niku,2015.0,198.0,20182019,21.973990417522245,0.35865068,0.13333333333333333
8478928,Sergei Plotnikov,,300.0,20152016,25.32785763175907,0.28402668,0.06666666666666667
8475949,Marek Hrivik,,300.0,20162017,25.09514031485284,0.23169838,0.125
8475958,Michael Sgarbossa,,300.0,20162017,24.186173853524984,0.27815288,0.23684210526315788
8476166,Taylor Fedun,,300.0,20162017,28.32580424366872,0.20825388,0.25925925925925924
8476200,Paul Thompson,,300.0,20162017,27.835728952772072,0.2420395,0.14285714285714285
8476826,Yanni Gourde,,300.0,20162017,24.79671457905544,0.28840315,0.4
8477240,Carter Rowney,,300.0,20162017,27.394934976043807,0.23936078,0.25925925925925924
8477903,Garnet Hathaway,,300.0,20162017,24.856947296372347,0.19360927,0.19230769230769232
8478373,Nikita Soshnikov,,300.0,20162017,22.965092402464066,0.24024162,0.16071428571428573
8478512,Austin Czarnik,,300.0,20162017,23.802874743326488,0.3937122,0.2653061224489796
8478542,Evan Rodrigues,,300.0,20162017,23.17864476386037,0.2668391,0.2
8478585,Derek Ryan,,300.0,20162017,29.75770020533881,0.26795742,0.43283582089552236
8478996,Adam Brooks,2016.0,92.0,20212022,25.404517453798768,0.28308177,0.12
8479022,Rodrigo Abols,2016.0,184.0,20242025,28.739219712525667,0.25004613,0.22727272727272727
8479250,Nick Lappin,,300.0,20162017,23.915126625598905,0.26879445,0.16279069767441862
8479293,Brandon Tanev,,300.0,20162017,24.752908966461327,0.22424296,0.0784313725490196
8479314,Matthew Tkachuk,2016.0,6.0,20162017,18.806297056810404,0.44726643,0.631578947368421
8479315,Joey Anderson,2016.0,73.0,20182019,20.28473648186174,0.25376227,0.20588235294117646
8479316,Luke Kunin,2016.0,15.0,20172018,19.824777549623544,0.37117335,0.21052631578947367
8479318,Auston Matthews,2016.0,1.0,20162017,19.039014373716633,0.7943177,0.8414634146341463
8479320,Maxime Lajoie,2016.0,133.0,20182019,20.903490759753595,0.17826048,0.26785714285714285
8479322,Wade Allison,2016.0,52.0,20222023,24.9637234770705,0.23701467,0.25
8479323,Adam Fox,2016.0,66.0,20192020,21.61806981519507,0.4033499,0.6
8479324,Ryan Lindgren,2016.0,49.0,20192020,21.634496919917865,0.1630368,0.23333333333333334
8479325,Charlie McAvoy,2016.0,14.0,20172018,19.7782340862423,0.27081224,0.5079365079365079
8479328,Julien Gauthier,2016.0,21.0,20192020,21.960301163586585,0.3101278,0.17647058823529413
8479333,Libor Hajek,2016.0,37.0,20192020,21.65366187542779,0.14017382,0.17857142857142858
8479335,Rasmus Asplund,2016.0,33.0,20192020,21.82614647501711,0.28003535,0.10344827586206896
8479336,Carl Grundstrom,2016.0,57.0,20182019,20.83230663928816,0.41350716,0.4
8479337,Alex DeBrincat,2016.0,39.0,20172018,19.786447638603697,0.44169864,0.6341463414634146
8479338,Markus Niemelainen,2016.0,63.0,20212022,23.315537303216974,0.18809572,0.05
8479339,Patrik Laine,2016.0,2.0,20162017,18.45311430527036,0.640851,0.8767123287671232
8479341,Cam Dineen,2016.0,68.0,20212022,23.28542094455852,0.22683471,0.20588235294117646
8479343,Clayton Keller,2016.0,7.0,20172018,19.175906913073238,0.44001892,0.7926829268292683
8479344,Jesse Puljujarvi,2016.0,4.0,20162017,18.403832991101986,0.42496273,0.2857142857142857
8479345,Jakob Chychrun,2016.0,16.0,20162017,18.50513347022587,0.24063955,0.29411764705882354
8479346,Dillon Dube,2016.0,56.0,20182019,20.199863107460644,0.3976707,0.2
8479347,Tyler Benson,2016.0,32.0,20212022,23.548254620123203,0.35398734,0.06896551724137931
8479348,Kale Clague,2016.0,51.0,20202021,22.324435318275153,0.24925418,0.3333333333333333
8479351,Sam Steel,2016.0,30.0,20182019,20.657084188911703,0.3958873,0.5
8479353,Brett Howden,2016.0,27.0,20182019,20.50924024640657,0.38113973,0.3484848484848485
8479355,Olli Juolevi,2016.0,5.0,20202021,22.409308692676248,0.31801578,0.13043478260869565
8479356,Kieffer Bellows,2016.0,19.0,20212022,23.310061601642712,0.32749125,0.4222222222222222
8479358,Carsen Twarynski,2016.0,82.0,20192020,21.8507871321013,0.20569554,0.06666666666666667
8479359,Beck Malenstyn,2016.0,145.0,20232024,25.65366187542779,0.16938546,0.25925925925925924
8479365,Trent Frederic,2016.0,29.0,20182019,20.635181382614647,0.2827809,0.0
8479366,Logan Brown,2016.0,11.0,20192020,21.574264202600958,0.3570175,0.34782608695652173
8479367,William Lockwood,2016.0,64.0,20232024,25.281314168377822,0.26452443,0.038461538461538464
8479368,Max Jones,2016.0,24.0,20182019,20.618754277891856,0.24464664,0.16666666666666666
8479369,Andrew Peeke,2016.0,34.0,20192020,21.541409993155373,0.22249915,0.13636363636363635
8479370,Tyson Jost,2016.0,10.0,20172018,19.550992470910334,0.34969813,0.3384615384615385
8479371,Dante Fabbro,2016.0,17.0,20192020,21.281314168377822,0.30736914,0.171875
8479372,Josh Mahura,2016.0,85.0,20182019,20.407939767282684,0.3321651,0.29411764705882354
8479376,Victor Mete,2016.0,100.0,20172018,19.318275154004105,0.24198326,0.14285714285714285
8479378,Logan Stanley,2016.0,18.0,20202021,22.351813826146476,0.17119797,0.10810810810810811
8479379,Givani Smith,2016.0,46.0,20192020,21.590691307323752,0.16547959,0.14285714285714285
8479381,Nick Caamano,2016.0,146.0,20202021,22.067077344284737,0.310667,0.041666666666666664
8479382,Connor Bunnaman,2016.0,109.0,20192020,21.45927446954141,0.26292473,0.09523809523809523
8479383,Boris Katchouk,2016.0,44.0,20212022,23.288158795345655,0.37719145,0.11864406779661017
8479385,Jordan Kyrou,2016.0,35.0,20182019,20.407939767282684,0.3887453,0.1875
8479387,Keaton Middleton,2016.0,101.0,20242025,26.639288158795345,0.13216788,0.04878048780487805
8479388,Riley Stillman,2016.0,114.0,20192020,21.56331279945243,0.16721502,0.14705882352941177
8479390,Taylor Raddysh,2016.0,58.0,20212022,23.616700889801507,0.38055772,0.2972972972972973
8479393,Noah Gregor,2016.0,111.0,20192020,21.177275838466805,0.35143742,0.17857142857142858
8479395,Dennis Cholowski,2016.0,20.0,20182019,20.62422997946612,0.2590628,0.3076923076923077
8479398,Samuel Girard,2016.0,47.0,20172018,19.38945927446954,0.3292408,0.3150684931506849
8479400,Pierre-Luc Dubois,2016.0,3.0,20172018,19.27173169062286,0.33873138,0.5853658536585366
8479402,Jake Bean,2016.0,13.0,20202021,22.313483915126625,0.34767297,0.2857142857142857
8479404,Henrik Borgstrom,2016.0,23.0,20182019,21.152635181382614,0.36995244,0.36
8479407,Jesper Bratt,2016.0,162.0,20172018,19.173169062286107,0.46905097,0.47297297297297297
8479410,Mikhail Sergachev,2016.0,9.0,20172018,19.26899383983573,0.26760182,0.5063291139240507
8479414,Nathan Bastian,2016.0,41.0,20202021,22.819986310746064,0.2495751,0.24390243902439024
8479415,Michael McLeod,2016.0,12.0,20182019,20.657084188911703,0.32459325,0.14285714285714285
8479420,Tage Thompson,2016.0,26.0,20172018,19.920602327173167,0.26923862,0.21951219512195122
8479421,Jacob Moverare,2016.0,112.0,20212022,23.085557837097877,0.23779526,0.10526315789473684
8479423,Alexander Nylander,2016.0,8.0,20192020,21.582477754962355,0.34903646,0.4
8479425,Filip Hronek,2016.0,53.0,20182019,20.91170431211499,0.28206328,0.5
8479442,Troy Stecher,,300.0,20162017,22.48596851471595,0.25309423,0.3380281690140845
8479458,Nikita Zaitsev,,300.0,20162017,24.92539356605065,0.2933173,0.43902439024390244
8479465,Drake Caggiula,,300.0,20162017,22.28336755646817,0.3921225,0.3
8479482,Michal Kempny,,300.0,20162017,26.064339493497606,0.22864017,0.16
8479483,Yohann Auvitu,,300.0,20162017,27.1813826146475,0.24741596,0.16
8479511,Janne Kuokkanen,2016.0,43.0,20202021,22.354551676933607,0.30945256,0.5
8479514,Rem Pitlick,2016.0,76.0,20212022,24.49828884325804,0.33139902,0.5606060606060606
8479520,Brandon Duhaime,2016.0,106.0,20212022,24.361396303901437,0.21496774,0.2125
8479523,Lucas Carlsson,2016.0,110.0,20212022,24.240930869267626,0.27741683,0.225
8479525,Ross Colton,2016.0,118.0,20202021,24.05475701574264,0.27111998,0.4
8479536,Axel Jonsson-Fjallby,2016.0,147.0,20212022,23.638603696098563,0.23407225,0.17391304347826086
8479542,Brandon Hagel,2016.0,159.0,20202021,22.09719370294319,0.2521636,0.46153846153846156
8479543,Michael Pezzetta,2016.0,160.0,20212022,23.55373032169747,0.17819868,0.21568627450980393
8479546,Oskar Steen,2016.0,165.0,20212022,23.564681724845997,0.22190858,0.3
8479547,Matthew Phillips,2016.0,166.0,20232024,25.48665297741273,0.37910014,0.16129032258064516
8479550,Tanner Laczynski,2016.0,169.0,20222023,25.333333333333332,0.22796528,0.125
8479553,Maxim Mamin,2016.0,175.0,20172018,22.715947980835043,0.3079593,0.15384615384615385
8479573,Mikhail Maltsev,2016.0,102.0,20202021,22.55715263518138,0.22803512,0.2727272727272727
8479576,Vincent Desharnais,2016.0,183.0,20222023,26.340862422997947,0.18866995,0.1388888888888889
8479578,Casey Fitzgerald,2016.0,86.0,20212022,24.5968514715948,0.22205125,0.16666666666666666
8479580,Dylan Gambrell,2016.0,60.0,20192020,23.096509240246405,0.35959885,0.22
8479587,Rhett Gardner,2016.0,116.0,20202021,24.591375770020534,0.1992615,0.07142857142857142
8479591,Michael Eyssimont,2016.0,142.0,20222023,26.05886379192334,0.2600456,0.2777777777777778
8479602,Jeremy Davies,2016.0,192.0,20202021,23.824777549623544,0.22545739,0.0625
8479648,Roman Lyubimov,,300.0,20162017,24.736481861738536,0.20433533,0.1276595744680851
8476619,Zack Mitchell,,300.0,20172018,24.73100616016427,0.18873802,0.21739130434782608
8476779,Brad Hunt,,300.0,20172018,29.10335386721424,0.40568548,0.4
8477073,Kurtis MacDermid,,300.0,20172018,23.520876112251884,0.1777439,0.11764705882352941
8477527,Ross Johnston,,300.0,20172018,23.616700889801507,0.1420271,0.25
8477846,Ryan Carpenter,,300.0,20172018,26.702258726899384,0.24981973,0.28846153846153844
8477919,Freddy Gaudreau,,300.0,20172018,24.418891170431213,0.4117167,0.15
8477931,Tomas Nosek,,300.0,20172018,25.08145106091718,0.2541992,0.22388059701492538
8478541,Markus Hannikainen,,300.0,20172018,24.517453798767967,0.25529617,0.18181818181818182
8479206,Tanner Fritz,,300.0,20172018,26.116358658453116,0.25612205,0.20588235294117646
8479268,Casey Nelson,,300.0,20172018,25.204654346338124,0.21939819,0.21621621621621623
8479755,Victor Antipin,,300.0,20172018,24.8186173853525,0.30838034,0.2127659574468085
8479944,Zach Aston-Reese,,300.0,20172018,23.143052703627653,0.4303784,0.375
8479968,Vinni Lettieri,,300.0,20172018,22.650239561943874,0.28551438,0.2631578947368421
8479972,Mason Shaw,2017.0,97.0,20222023,23.90965092402464,0.3097454,0.288135593220339
8479974,Nolan Patrick,2017.0,2.0,20172018,19.033538672142367,0.6031968,0.410958904109589
8479976,Juuso Välimäki,2017.0,16.0,20182019,19.98631074606434,0.30389497,0.125
8479977,Kailer Yamamoto,2017.0,22.0,20182019,20.005475701574266,0.42012325,0.11764705882352941
8479980,Nicolas Hague,2017.0,34.0,20192020,20.82135523613963,0.2272702,0.2894736842105263
8479981,Jonah Gadjovich,2017.0,55.0,20212022,22.97056810403833,0.40715134,0.06976744186046512
8479982,Conor Timmins,2017.0,32.0,20202021,22.036960985626283,0.31577265,0.22580645161290322
8479983,Mario Ferraro,2017.0,49.0,20192020,21.037645448323065,0.18407212,0.18032786885245902
8479984,Cal Foote,2017.0,14.0,20202021,21.801505817932924,0.26236278,0.08571428571428572
8479985,Cale Fleury,2017.0,87.0,20192020,20.865160848733744,0.24140055,0.024390243902439025
8479986,Kole Lind,2017.0,33.0,20212022,22.9596167008898,0.31010252,0.34782608695652173
8479987,Morgan Geekie,2017.0,67.0,20202021,22.20123203285421,0.30987525,0.25
8479991,Jake Leschyshyn,2017.0,62.0,20212022,22.562628336755647,0.2092895,0.14634146341463414
8479992,Michael Rasmussen,2017.0,9.0,20182019,19.457905544147845,0.32253426,0.2903225806451613
8479994,Jaret Anderson-Dolan,2017.0,41.0,20202021,21.05407255304586,0.26637676,0.3235294117647059
8479996,Cody Glass,2017.0,6.0,20192020,20.501026694045173,0.46918428,0.3076923076923077
8479998,Mikey Anderson,2017.0,103.0,20202021,21.35523613963039,0.17891021,0.2037037037037037
8479999,Casey Mittelstadt,2017.0,8.0,20182019,19.857631759069132,0.35604924,0.3246753246753247
8480001,Urho Vaakanainen,2017.0,18.0,20212022,22.748802190280628,0.24721718,0.20689655172413793
8480002,Nico Hischier,2017.0,1.0,20172018,18.740588637919235,0.6408635,0.6341463414634146
8480003,Jesper Boqvist,2017.0,36.0,20192020,20.919917864476385,0.39457485,0.11428571428571428
8480005,Kristian Vesalainen,2017.0,24.0,20212022,22.33538672142368,0.29543182,0.05660377358490566
8480007,Jonas Rondbjerg,2017.0,65.0,20212022,22.50513347022587,0.21384087,0.2
8480008,Adam Ruzicka,2017.0,109.0,20212022,22.392881587953458,0.27794138,0.35714285714285715
8480009,Eeli Tolvanen,2017.0,30.0,20202021,21.44558521560575,0.3027054,0.55
8480011,Klim Kostin,2017.0,31.0,20212022,22.409308692676248,0.24272996,0.225
8480012,Elias Pettersson,2017.0,5.0,20182019,19.88501026694045,0.6750528,0.9295774647887324
8480014,Gabriel Vilardi,2017.0,11.0,20202021,21.127994524298426,0.370128,0.42592592592592593
8480015,Owen Tippett,2017.0,10.0,20202021,21.623545516769337,0.3798959,0.4
8480018,Nick Suzuki,2017.0,13.0,20192020,20.142368240930868,0.41966173,0.5774647887323944
8480021,Jack Studnicka,2017.0,53.0,20202021,21.61806981519507,0.32412717,0.15
8480023,Robert Thomas,2017.0,20.0,20182019,19.249828884325805,0.4102855,0.4714285714285714
8480025,MacKenzie Entwistle,2017.0,69.0,20212022,22.217659137577,0.24619229,0.21818181818181817
8480027,Jason Robertson,2017.0,39.0,20202021,21.196440793976727,0.31897262,0.8823529411764706
8480028,Morgan Frost,2017.0,27.0,20192020,20.383299110198493,0.3891035,0.35
8480029,Alex Formenton,2017.0,47.0,20202021,21.05133470225873,0.34422034,0.3
8480031,Maxime Comtois,2017.0,50.0,20192020,20.72826830937714,0.4047724,0.3793103448275862
8480035,Henri Jokiharju,2017.0,29.0,20182019,19.290896646132786,0.28452733,0.3157894736842105
8480036,Miro Heiskanen,2017.0,3.0,20182019,19.20602327173169,0.43600008,0.4024390243902439
8480039,Martin Necas,2017.0,12.0,20192020,20.709103353867214,0.36186376,0.5625
8480043,Timothy Liljegren,2017.0,17.0,20212022,22.42299794661191,0.2773284,0.3770491803278688
8480049,Dylan Samberg,2017.0,43.0,20222023,23.685147159479808,0.17820723,0.12698412698412698
8480053,Sasha Chmelevski,2017.0,185.0,20212022,22.313483915126625,0.29833388,0.42105263157894735
8480058,Pierre-Olivier Joseph,2017.0,23.0,20202021,21.253935660506503,0.2460715,0.3125
8480060,Scott Reedy,2017.0,102.0,20212022,22.494182067077343,0.26590922,0.2571428571428571
8480064,Josh Norris,2017.0,19.0,20202021,21.409993155373034,0.38472772,0.625
8480068,Ryan Poehling,2017.0,25.0,20192020,20.7419575633128,0.30591598,0.07407407407407407
8480069,Cale Makar,2017.0,4.0,20192020,20.919917864476385,0.48303142,0.8771929824561403
8480070,Ian Mitchell,2017.0,57.0,20202021,21.702943189596166,0.28428048,0.1794871794871795
8480071,Robin Salo,2017.0,46.0,20212022,22.967830253251197,0.3090083,0.23809523809523808
8480072,Lias Andersson,2017.0,7.0,20182019,19.967145790554415,0.40783682,0.14285714285714285
8480073,Erik Brannstrom,2017.0,15.0,20192020,20.079397672826833,0.40276822,0.12903225806451613
8480074,Alexandre Texier,2017.0,45.0,20192020,20.04928131416838,0.38826084,0.3611111111111111
8480078,Filip Chytil,2017.0,21.0,20182019,19.071868583162217,0.38711065,0.30666666666666664
8480113,Alex Iafallo,,300.0,20172018,23.7782340862423,0.35912406,0.3333333333333333
8480143,Jakub Jerabek,,300.0,20172018,26.390143737166323,0.29412434,0.2222222222222222
8480144,David Kampf,,300.0,20172018,22.718685831622178,0.24944595,0.2391304347826087
8480145,Neal Pionk,,300.0,20172018,22.17659137577002,0.25435004,0.5
8480147,Oscar Fantenberg,,300.0,20172018,25.984941820670773,0.27825803,0.3333333333333333
8480158,Andreas Borgman,,300.0,20172018,22.288843258042437,0.23756827,0.22916666666666666
8480172,Jan Rutta,,300.0,20172018,27.175906913073238,0.24839588,0.3508771929824561
8480184,Gustav Lindström,2017.0,38.0,20192020,20.947296372347708,0.18922503,0.0625
8480185,Eetu Luostarinen,2017.0,42.0,20202021,22.080766598220396,0.2809116,0.18181818181818182
8480186,Alexander Volkov,2017.0,48.0,20202021,23.16495550992471,0.2970889,0.35135135135135137
8480188,Fabian Zetterlund,2017.0,63.0,20222023,23.10198494182067,0.33182278,0.34328358208955223
8480192,Johnathan Kovacevic,2017.0,74.0,20222023,25.22108145106092,0.20218614,0.19480519480519481
8480196,Jacob Bryson,2017.0,99.0,20202021,22.869267624914443,0.3016226,0.23684210526315788
8480205,Emil Bemstrom,2017.0,117.0,20192020,20.334017796030118,0.40876925,0.35714285714285715
8480208,Drake Batherson,2017.0,121.0,20182019,20.42984257357974,0.360146,0.45
8480216,Jacob Peterson,2017.0,132.0,20212022,22.203969883641342,0.40085557,0.26153846153846155
8480220,Noah Cates,2017.0,137.0,20212022,22.652977412731005,0.21952276,0.5625
8480222,Sebastian Aho,2017.0,139.0,20172018,21.620807665982205,0.3307504,0.18181818181818182
8480226,Marián Studenic,2017.0,143.0,20202021,21.927446954141,0.25701421,0.25
8480245,Olle Lycksell,2017.0,168.0,20242025,25.10609171800137,0.33101568,0.2631578947368421
8480246,Nick Perbix,2017.0,169.0,20222023,24.295687885010267,0.26750118,0.2898550724637681
8480252,Cole Guttman,2017.0,180.0,20232024,24.487337440109513,0.2803971,0.2962962962962963
8480259,Ben Jones,2017.0,189.0,20242025,25.596167008898014,0.22920765,0.0
8480281,Alexey Toropchenko,2017.0,113.0,20212022,22.269678302532512,0.1780534,0.07142857142857142
8480289,Morgan Barron,2017.0,174.0,20212022,22.830937713894592,0.33103177,0.18518518518518517
8480293,Wyatt Kalynuk,2017.0,196.0,20202021,23.46611909650924,0.27798784,0.42857142857142855
8476043,Ben Street,,300.0,20182019,31.630390143737166,0.364334,0.23809523809523808
8477085,Ashton Sautner,,300.0,20182019,24.347707049965777,0.14325437,0.058823529411764705
8477520,Jean-Sebastien Dea,,300.0,20182019,24.643394934976044,0.273435,0.2608695652173913
8477529,Colby Cave,,300.0,20182019,23.76454483230664,0.21216102,0.1509433962264151
8477680,Josh Currie,,300.0,20182019,25.921971252566735,0.2596468,0.23809523809523808
8477810,Joel Hanley,,300.0,20182019,27.315537303216974,0.21016715,0.0
8478211,Dryden Hunt,,300.0,20182019,22.85284052019165,0.28632507,0.3225806451612903
8478567,Dean Kukan,,300.0,20182019,25.232032854209447,0.2133276,0.2
8479026,Philippe Myers,,300.0,20182019,21.68104038329911,0.21820062,0.09523809523809523
8479291,Kevin Rooney,,300.0,20182019,25.363449691991786,0.20337702,0.24390243902439024
8479644,Matt Luff,,300.0,20182019,21.4072553045859,0.20557061,0.3333333333333333
8479657,Alexandre Fortin,,300.0,20182019,21.596167008898014,0.25787336,0.25
8479675,Trevor Moore,,300.0,20182019,23.50444900752909,0.22142468,0.32
8479945,Gavin Bayreuther,,300.0,20182019,24.38877481177276,0.2046883,0.2631578947368421
8479970,Joseph Gambardella,,300.0,20182019,24.83230663928816,0.20209146,0.2
8480160,Radim Simek,,300.0,20182019,26.028747433264886,0.18643364,0.21951219512195122
8480326,Sheldon Dries,,300.0,20182019,24.44079397672827,0.2464395,0.15
8480336,Sean Walker,,300.0,20182019,23.88227241615332,0.22104257,0.2564102564102564
8480434,Sean Durzi,2018.0,52.0,20212022,22.94592744695414,0.26216248,0.421875
8480748,Kiefer Sherwood,,300.0,20182019,23.50444900752909,0.23090881,0.24
8480769,Joel L'Esperance,,300.0,20182019,23.121149897330596,0.18604478,0.1111111111111111
8480780,Lukas Radil,,300.0,20182019,28.15605749486653,0.3567213,0.3055555555555556
8480789,Oliver Wahlstrom,2018.0,11.0,20202021,20.301163586584533,0.30301815,0.4772727272727273
8480796,Martin Fehervary,2018.0,46.0,20212022,21.987679671457904,0.3142963,0.21518987341772153
8480797,Joel Farabee,2018.0,14.0,20192020,19.59753593429158,0.36974198,0.40384615384615385
8480798,Philipp Kurashev,2018.0,120.0,20202021,20.971937029431896,0.27464163,0.2962962962962963
8480800,Quinn Hughes,2018.0,7.0,20192020,19.964407939767284,0.3828945,0.7794117647058824
8480801,Brady Tkachuk,2018.0,4.0,20182019,19.041752224503764,0.34062913,0.6338028169014085
8480802,Ryan McLeod,2018.0,40.0,20212022,22.028747433264886,0.36734492,0.29577464788732394
8480803,Evan Bouchard,2018.0,10.0,20212022,21.949349760438057,0.2695153,0.5308641975308642
8480806,Isac Lundeström,2018.0,23.0,20182019,18.902121834360027,0.28686544,0.13333333333333333
8480807,Mattias Samuelsson,2018.0,32.0,20212022,21.54962354551677,0.2649552,0.23809523809523808
8480813,Joseph Veleno,2018.0,30.0,20212022,21.71663244353183,0.32238165,0.22727272727272727
8480814,Nicolas Beaudin,2018.0,27.0,20202021,20.985626283367555,0.24673471,0.3157894736842105
8480817,K'Andre Miller,2018.0,22.0,20202021,20.695414099931554,0.22200994,0.22641509433962265
8480821,Filip Zadina,2018.0,6.0,20192020,19.84394250513347,0.35535073,0.5357142857142857
8480822,Martin Kaut,2018.0,16.0,20222023,22.99794661190965,0.32802352,0.2222222222222222
8480823,Alexander Alexeyev,2018.0,31.0,20222023,22.87748117727584,0.15229131,0.15625
8480828,Michael Callahan,2018.0,142.0,20242025,25.023956194387406,0.15611319,0.058823529411764705
8480829,Jesperi Kotkaniemi,2018.0,3.0,20182019,18.236824093086927,0.38658473,0.43037974683544306
8480830,Andrei Svechnikov,2018.0,2.0,20182019,18.5160848733744,0.6022078,0.45121951219512196
8480831,Alec Regula,2018.0,67.0,20212022,21.152635181382614,0.18663022,0.06666666666666667
8480833,Vitali Kravtsov,2018.0,9.0,20202021,20.774811772758383,0.2901378,0.2
8480834,Ty Emberson,2018.0,73.0,20232024,23.356605065023956,0.21662338,0.3333333333333333
8480835,Jack Drury,2018.0,42.0,20222023,22.65845311430527,0.29812935,0.21052631578947367
8480839,Rasmus Dahlin,2018.0,1.0,20182019,18.466803559206024,0.5248972,0.5365853658536586
8480840,Oskar Bäck,2018.0,75.0,20242025,24.555783709787818,0.2358459,0.2191780821917808
8480844,Grigori Denisenko,2018.0,15.0,20222023,22.269678302532512,0.32521063,0.16666666666666666
8480845,Rasmus Kupari,2018.0,20.0,20212022,21.54688569472964,0.37016338,0.22807017543859648
8480847,Ryan Merkley,2018.0,21.0,20212022,21.130732375085557,0.23045687,0.15384615384615385
8480848,Ty Dellandrea,2018.0,13.0,20202021,20.197125256673512,0.40061724,0.19230769230769232
8480849,Barrett Hayton,2018.0,5.0,20192020,19.310061601642712,0.4799063,0.2
8480851,Akil Thomas,2018.0,51.0,20242025,24.747433264887064,0.25613862,0.12
8480853,Liam Foudy,2018.0,18.0,20202021,20.657084188911703,0.4108939,0.16666666666666666
8480855,Jack McBain,2018.0,63.0,20222023,22.73511293634497,0.31164187,0.3170731707317073
8480860,Kevin Bahl,2018.0,55.0,20212022,21.2621492128679,0.14428763,0.23529411764705882
8480865,Noah Dobson,2018.0,12.0,20192020,19.731690622861056,0.2662874,0.20588235294117646
8480870,Bo Groulx,2018.0,54.0,20212022,21.650924024640656,0.32049343,0.16666666666666666
8480871,Adam Boqvist,2018.0,8.0,20192020,19.12662559890486,0.31427342,0.3170731707317073
8480873,Rasmus Sandin,2018.0,29.0,20192020,19.567419575633128,0.34652442,0.2857142857142857
8480876,Curtis Douglas,2018.0,106.0,20252026,25.571526351813826,0.1652909,0.09302325581395349
8480878,Nils Lundkvist,2018.0,28.0,20212022,21.180013689253936,0.33493027,0.16
8480879,Jacob Bernard-Docker,2018.0,26.0,20222023,22.253251197809718,0.15076952,0.05263157894736842
8480880,Jakub Lauko,2018.0,77.0,20222023,22.510609171800137,0.16837765,0.30434782608695654
8480883,Ty Smith,2018.0,17.0,20202021,20.522929500342233,0.34567195,0.4791666666666667
8480884,Calen Addison,2018.0,53.0,20212022,21.472963723477072,0.33135745,0.26666666666666666
8480887,Jordan Harris,2018.0,71.0,20222023,22.234086242299796,0.21253623,0.26153846153846155
8480891,Michael Kesselring,2018.0,164.0,20232024,23.71526351813826,0.22381184,0.3230769230769231
8480893,Kirill Marchenko,2018.0,49.0,20222023,22.195756331279945,0.2939131,0.423728813559322
8480935,Lawrence Pilut,,300.0,20182019,22.754277891854894,0.3752966,0.18181818181818182
8480943,Igor Ozhiganov,,300.0,20182019,25.965776865160848,0.1503959,0.1320754716981132
8480944,Par Lindholm,,300.0,20182019,26.989733059548254,0.40088853,0.2
8480945,Juuso Riikola,,300.0,20182019,24.892539356605067,0.22168973,0.13513513513513514
8480946,Dominik Kahun,,300.0,20182019,23.249828884325805,0.41518864,0.45121951219512196
8480948,Egor Yakovlev,,300.0,20182019,27.039014373716633,0.1920629,0.28
8480950,Ilya Lyubushkin,,300.0,20182019,24.487337440109513,0.14666414,0.0975609756097561
8480955,Bogdan Kiselevich,,300.0,20182019,28.62696783025325,0.22815806,0.25
8480965,Antti Suomela,,300.0,20182019,24.542094455852155,0.40158704,0.2962962962962963
8480980,Connor Dewar,2018.0,92.0,20212022,22.26694045174538,0.31350175,0.17142857142857143
8480990,Declan Chisholm,2018.0,150.0,20232024,23.718001368925393,0.25897524,0.2903225806451613
8480995,Pontus Holmberg,2018.0,156.0,20222023,23.564681724845997,0.38541043,0.35135135135135137
8481004,Josiah Slavin,2018.0,193.0,20212022,22.751540041067763,0.2171936,0.06666666666666667
8481006,Tyler Tucker,2018.0,200.0,20222023,22.584531143052704,0.15383068,0.15384615384615385
8481013,Jonatan Berggren,2018.0,33.0,20222023,22.209445585215605,0.38331148,0.417910447761194
8481014,Alexander Romanov,2018.0,38.0,20202021,20.736481861738536,0.1793975,0.1111111111111111
8481019,David Gustafsson,2018.0,60.0,20192020,19.471594798083505,0.2674193,0.045454545454545456
8481024,Linus Karlsson,2018.0,87.0,20242025,24.876112251882272,0.36028314,0.2608695652173913
8481028,Martin Pospisil,2018.0,105.0,20232024,23.865845311430526,0.26642394,0.38095238095238093
8481030,Jack St. Ivany,2018.0,112.0,20242025,25.196440793976727,0.17767036,0.05263157894736842
8481032,Paul Cotter,2018.0,115.0,20222023,22.874743326488705,0.24165244,0.32727272727272727
8481042,Nikolai Kovalenko,2018.0,171.0,20242025,24.958247775496236,0.38663125,0.3508771929824561
8481043,Cole Koepke,2018.0,183.0,20222023,24.3750855578371,0.22489198,0.058823529411764705
8481056,Spencer Stastney,2018.0,131.0,20232024,23.73990417522245,0.20150222,0.2
8481058,Jesse Ylonen,2018.0,35.0,20222023,22.99520876112252,0.29023027,0.43243243243243246
8481059,Scott Perunovich,2018.0,45.0,20212022,23.121149897330596,0.38212466,0.3157894736842105
8481061,Jasper Weatherby,2018.0,102.0,20212022,23.690622861054074,0.23413515,0.22
8481068,Yegor Sharangovich,2018.0,141.0,20202021,22.321697467488022,0.23731197,0.5555555555555556
8481072,Tim Berni,2018.0,159.0,20222023,22.636550308008214,0.15744612,0.05084745762711865
8481077,John Leonard,2018.0,182.0,20202021,22.151950718685832,0.29820848,0.29545454545454547
8475413,Justin Dowling,,300.0,20192020,28.999315537303218,0.356751,0.20689655172413793
8475461,Andrew Agozzino,,300.0,20192020,28.7419575633128,0.3742057,0.13636363636363635
8477149,Scott Sabourin,,300.0,20192020,27.170431211498972,0.13822888,0.17142857142857143
8478146,Matthew Highmore,,300.0,20192020,23.592060232717316,0.35349828,0.16666666666666666
8479466,Patrick Russell,,300.0,20192020,26.7378507871321,0.24898462,0.1111111111111111
8479772,Zack MacEwen,,300.0,20192020,23.23066392881588,0.2655104,0.35294117647058826
8480355,Mark Kastelic,2019.0,125.0,20212022,22.559890485968516,0.20769802,0.25
8480727,Zach Whitecloud,,300.0,20192020,22.83915126625599,0.20452431,0.0625
8480762,Eric Robinson,,300.0,20192020,24.298425735797398,0.2100635,0.24
8480901,Karson Kuhlman,,300.0,20192020,24.01368925393566,0.2547236,0.24
8481093,Rafael Harvey-Pinard,2019.0,201.0,20222023,23.734428473648187,0.29556623,0.5882352941176471
8481186,Logan O'Connor,,300.0,20192020,23.129363449691994,0.3026839,0.125
8481206,John Ludvig,2019.0,69.0,20232024,23.16221765913758,0.1837302,0.15151515151515152
8481433,Taro Hirose,,300.0,20192020,23.252566735112936,0.38691315,0.2692307692307692
8481481,Blake Lizotte,,300.0,20192020,21.79876796714579,0.33676204,0.35384615384615387
8481516,Joel Kellman,,300.0,20192020,25.352498288843258,0.3555618,0.22580645161290322
8481517,Brett Leason,2019.0,56.0,20212022,22.42299794661191,0.2788505,0.16666666666666666
8481521,Ronnie Attard,2019.0,72.0,20212022,22.535249828884325,0.28292543,0.26666666666666666
8481522,Peyton Krebs,2019.0,17.0,20212022,20.67898699520876,0.41661343,0.38596491228070173
8481523,Kirby Dach,2019.0,3.0,20192020,18.691307323750856,0.33702287,0.359375
8481524,Bowen Byram,2019.0,4.0,20202021,19.301848049281315,0.31045708,0.10526315789473684
8481525,Matthew Robertson,2019.0,49.0,20252026,24.56399726214921,0.2134735,0.25
8481527,Kaedan Korczak,2019.0,41.0,20232024,22.6694045174538,0.17922162,0.34615384615384615
8481528,Dylan Cozens,2019.0,7.0,20202021,19.641341546885695,0.43908817,0.3170731707317073
8481532,Alex Turcotte,2019.0,5.0,20232024,22.5927446954141,0.2985917,0.2
8481533,Trevor Zegras,2019.0,9.0,20202021,19.534565366187543,0.4139848,0.5416666666666666
8481535,Nils Hoglander,2019.0,40.0,20202021,19.78097193702943,0.30843705,0.48214285714285715
8481537,Nikita Okhotiuk,2019.0,61.0,20232024,22.822724161533195,0.20230947,0.17307692307692307
8481540,Cole Caufield,2019.0,15.0,20212022,20.744695414099933,0.4579724,0.6417910447761194
8481541,Samuel Bolduc,2019.0,57.0,20222023,21.809719370294317,0.14056051,0.17647058823529413
8481542,Moritz Seider,2019.0,6.0,20212022,20.487337440109513,0.4354774,0.6097560975609756
8481543,Nikita Alexandrov,2019.0,62.0,20222023,22.039698836413415,0.23831831,0.25
8481546,Cam York,2019.0,14.0,20212022,20.736481861738536,0.32550573,0.3333333333333333
8481553,Bobby Brink,2019.0,34.0,20232024,22.23134839151266,0.35266972,0.40350877192982454
8481554,Kaapo Kakko,2019.0,2.0,20192020,18.628336755646817,0.6765631,0.3484848484848485
8481556,John Beecher,2019.0,30.0,20232024,22.48870636550308,0.18974057,0.19230769230769232
8481557,Matt Boldy,2019.0,12.0,20212022,20.490075290896645,0.42064202,0.8297872340425532
8481559,Jack Hughes,2019.0,1.0,20192020,18.38193018480493,0.6527241,0.3442622950819672
8481560,Arthur Kaliyev,2019.0,33.0,20212022,20.265571526351813,0.32538012,0.3375
8481563,Drew Helleson,2019.0,47.0,20242025,23.51813826146475,0.17171934,0.23214285714285715
8481564,Ryan Johnson,2019.0,31.0,20232024,22.187542778918548,0.197683,0.17073170731707318
8481567,Henry Thrun,2019.0,101.0,20232024,22.55441478439425,0.27183294,0.21568627450980393
8481568,Alex Vlasic,2019.0,43.0,20212022,20.32306639288159,0.20328365,0.13333333333333333
8481572,Ville Heinola,2019.0,20.0,20242025,23.583846680355922,0.34105656,0.05555555555555555
8481575,Lassi Thomson,2019.0,19.0,20212022,21.018480492813143,0.18894492,0.3125
8481577,Philip Tomasino,2019.0,24.0,20212022,20.177960301163587,0.42625692,0.42105263157894735
8481580,Connor McMichael,2019.0,25.0,20212022,20.709103353867214,0.3597659,0.2647058823529412
8481581,Thomas Harley,2019.0,18.0,20212022,20.11772758384668,0.38207924,0.11764705882352941
8481582,Nicholas Robertson,2019.0,53.0,20222023,21.05407255304586,0.42615062,0.3333333333333333
8481585,Egor Afanasyev,2019.0,45.0,20222023,21.686516084873375,0.23175845,0.058823529411764705
8481592,Jakob Pelletier,2019.0,26.0,20222023,21.568788501026695,0.41193295,0.2916666666666667
8481593,Jayden Struble,2019.0,46.0,20232024,22.06160164271047,0.17090994,0.17857142857142858
8481596,Shane Pinto,2019.0,32.0,20222023,21.883641341546884,0.29487863,0.4268292682926829
8481598,Philip Broberg,2019.0,8.0,20212022,20.268309377138944,0.25826845,0.13043478260869565
8481599,Victor Soderstrom,2019.0,11.0,20212022,20.594113620807665,0.23413292,0.0
8481600,Tobias Bjornfot,2019.0,22.0,20202021,19.488021902806295,0.27943894,0.18181818181818182
8481601,Simon Holmstrom,2019.0,23.0,20232024,22.354551676933607,0.21636422,0.3333333333333333
8481604,Pavel Dorofeyev,2019.0,79.0,20222023,21.930184804928132,0.33972168,0.5
8481605,Jackson LaCombe,2019.0,39.0,20232024,22.72416153319644,0.26628843,0.23943661971830985
8481606,Jordan Spence,2019.0,95.0,20212022,20.59958932238193,0.31648883,0.3333333333333333
8481607,Albert Johansson,2019.0,60.0,20242025,23.73990417522245,0.19811697,0.14754098360655737
8481609,Vladislav Kolyachonok,2019.0,52.0,20212022,20.35044490075291,0.16102599,0.09375
8481617,Vasily Podkolzin,2019.0,10.0,20212022,20.27104722792608,0.2885903,0.3291139240506329
8481618,Alex Newhook,2019.0,16.0,20212022,20.673511293634498,0.35677305,0.4647887323943662
8481624,Ilya Mikheyev,,300.0,20192020,24.974674880219027,0.3452373,0.5897435897435898
8481638,Joakim Nygard,,300.0,20192020,26.72689938398357,0.3471168,0.2727272727272727
8481649,Joona Luoto,,300.0,20192020,22.012320328542096,0.20782039,0.0
8481650,Jakob Lilja,,300.0,20192020,26.190280629705683,0.35955015,0.13513513513513514
8481655,Cole Schwindt,2019.0,81.0,20242025,23.43600273785079,0.2417495,0.19047619047619047
8481656,Aliaksei Protas,2019.0,91.0,20212022,20.733744010951405,0.21552,0.2727272727272727
8481703,Valtteri Puustinen,2019.0,203.0,20232024,24.32580424366872,0.28048113,0.38461538461538464
8481704,Juuso Parssinen,2019.0,210.0,20222023,21.661875427789184,0.39228165,0.5555555555555556
8481708,Zachary Jones,2019.0,68.0,20222023,21.95208761122519,0.30823854,0.125
8481711,Matias Maccelli,2019.0,98.0,20212022,20.9637234770705,0.39168766,0.2608695652173913
8481716,Dmitri Voronkov,2019.0,114.0,20232024,23.055441478439427,0.27171507,0.4533333333333333
8481719,Max Crozier,2019.0,120.0,20252026,25.451060917180012,0.2569508,0.2857142857142857
8481721,Arseny Gritsyuk,2019.0,129.0,20252026,24.54757015742642,0.36009747,0.4696969696969697
8481725,Elmer Soderblom,2019.0,159.0,20222023,21.240246406570844,0.28168434,0.38095238095238093
8481726,Adam Edstrom,2019.0,161.0,20252026,24.969199178644764,0.23403081,0.14285714285714285
8481732,Andre Lee,2019.0,188.0,20242025,24.18343600273785,0.21913199,0.15789473684210525
8481743,Marc Del Gaizo,2019.0,109.0,20242025,24.974674880219027,0.24373056,0.1956521739130435
8481751,Lukas Rousek,2019.0,160.0,20232024,24.449007529089666,0.26957846,0.13333333333333333
8481754,Nikita Nesterenko,2019.0,172.0,20242025,23.058179329226558,0.243648,0.3
8481813,Gaetan Haas,,300.0,20192020,27.665982203969882,0.29743034,0.1724137931034483
8478967,Lane Pederson,,300.0,20202021,23.159479808350444,0.37786478,0.2
8478970,Jalen Chatfield,,300.0,20202021,24.380561259411362,0.13788316,0.05555555555555555
8478975,Mason Marchment,,300.0,20202021,25.28952772073922,0.26094925,0.30303030303030304
8479066,Ryan Lomberg,,300.0,20202021,25.812457221081452,0.36236626,0.11764705882352941
8479252,Dan Renouf,,300.0,20202021,26.33538672142368,0.15391341,0.16666666666666666
8479439,Jacob MacDonald,,300.0,20202021,27.59479808350445,0.25084797,0.2727272727272727
8479639,Dylan Coghlan,,300.0,20202021,22.614647501711158,0.2108348,0.20689655172413793
8479661,Tanner Jeannot,,300.0,20202021,23.342915811088297,0.19342339,0.4666666666666667
8479671,Mathieu Olivier,,300.0,20202021,23.63586584531143,0.1906397,0.16666666666666666
8479705,Jeffrey Truchon-Viel,,300.0,20202021,23.67419575633128,0.4031442,0.0
8479718,Alex Barre-Boulet,,300.0,20202021,23.364818617385353,0.37172773,0.2
8480459,Pius Suter,,300.0,20202021,24.355920602327174,0.39532337,0.4909090909090909
8481133,Cole Reinhardt,2020.0,181.0,20242025,24.6652977412731,0.20928077,0.11764705882352941
8481477,Nico Sturm,,300.0,20202021,25.415468856947296,0.22989054,0.34
8481626,Arttu Ruotsalainen,,300.0,20202021,22.924024640657084,0.40633413,0.35294117647058826
8481641,Joel Kiviranta,,300.0,20202021,24.525667351129364,0.23445156,0.4230769230769231
8481806,Louis Crevier,2020.0,188.0,20232024,22.409308692676248,0.14173695,0.125
8481812,Nikolai Knyzhov,,300.0,20202021,22.535249828884325,0.13265187,0.17857142857142858
8482063,Marc Michaelis,,300.0,20202021,25.17180013689254,0.38338992,0.0
8482073,Braden Schneider,2020.0,19.0,20212022,20.030116358658454,0.33000705,0.2558139534883721
8482074,Connor Zary,2020.0,24.0,20232024,22.015058179329227,0.3562525,0.5396825396825397
8482077,Dylan Holloway,2020.0,14.0,20222023,21.021218343600275,0.38438076,0.17647058823529413
8482078,Lucas Raymond,2020.0,4.0,20212022,19.512662559890487,0.4097356,0.6951219512195121
8482079,Marco Rossi,2020.0,9.0,20222023,21.021218343600275,0.42761493,0.05263157894736842
8482087,Kaiden Guhle,2020.0,16.0,20222023,20.700889801505816,0.28838247,0.4090909090909091
8482089,Jake Neighbours,2020.0,26.0,20222023,20.50924024640657,0.39142144,0.23255813953488372
8482090,Jack Finley,2020.0,57.0,20252026,23.080082135523615,0.29268172,0.11363636363636363
8482092,Ridly Greig,2020.0,28.0,20222023,20.147843942505133,0.42113525,0.45
8482093,Seth Jarvis,2020.0,13.0,20212022,19.66324435318275,0.3334898,0.5882352941176471
8482094,Daemon Hunt,2020.0,65.0,20252026,23.381245722108144,0.1738255,0.1875
8482095,Tyler Kleven,2020.0,44.0,20242025,22.72416153319644,0.21375868,0.12658227848101267
8482097,Jack Quinn,2020.0,8.0,20222023,21.032169746748803,0.49140424,0.49333333333333335
8482100,Alexander Nikishin,2020.0,69.0,20252026,23.99726214921287,0.291004,0.4074074074074074
8482103,Ozzy Wiesblatt,2020.0,31.0,20252026,23.564681724845997,0.28458637,0.125
8482105,Jake Sanderson,2020.0,5.0,20222023,20.23271731690623,0.39314637,0.4155844155844156
8482107,Mike Benning,2020.0,95.0,20252026,23.737166324435318,0.26659954,0.3333333333333333
8482109,Alexis Lafrenière,2020.0,1.0,20202021,18.973305954825463,0.5689418,0.375
8482110,Dawson Mercer,2020.0,18.0,20212022,19.928815879534564,0.40855256,0.5121951219512195
8482111,Justin Barron,2020.0,25.0,20222023,20.876112251882272,0.26040667,0.38461538461538464
8482113,Anton Lundell,2020.0,12.0,20212022,19.994524298425734,0.45039842,0.676923076923077
8482116,Tim Stützle,2020.0,3.0,20202021,18.71047227926078,0.42433378,0.5471698113207547
8482117,Lukas Reichel,2020.0,17.0,20222023,20.3750855578371,0.4155367,0.6521739130434783
8482118,Sam Colangelo,2020.0,36.0,20242025,22.765229295003422,0.26885954,0.375
8482122,Brock Faber,2020.0,45.0,20232024,21.1088295687885,0.25558022,0.573170731707317
8482124,Quinton Byfield,2020.0,2.0,20212022,19.11841204654346,0.42597622,0.25
8482125,Alexander Holtz,2020.0,7.0,20222023,20.687200547570157,0.43212903,0.21052631578947367
8482126,Emil Andrae,2020.0,54.0,20242025,22.60369609856263,0.27061018,0.16666666666666666
8482131,Donovan Sebrango,2020.0,63.0,20252026,23.718001368925393,0.2039465,0.19047619047619047
8482132,Brett Berard,2020.0,134.0,20242025,22.06160164271047,0.32288972,0.2857142857142857
8482133,Thomas Bordeleau,2020.0,38.0,20232024,21.741273100616016,0.3285378,0.4074074074074074
8482142,Jamie Drysdale,2020.0,6.0,20202021,18.483230663928815,0.30981693,0.3333333333333333
8482144,Jack Thompson,2020.0,93.0,20242025,22.537987679671456,0.31435877,0.3225806451612903
8482145,Mavrik Bourque,2020.0,30.0,20242025,22.729637234770706,0.36909768,0.3424657534246575
8482146,Luke Evangelista,2020.0,42.0,20222023,20.607802874743328,0.40449294,0.625
8482148,Hendrix Lapierre,2020.0,22.0,20232024,21.639972621492127,0.3055045,0.43137254901960786
8482149,Cole Perfetti,2020.0,10.0,20212022,19.748117727583846,0.43089214,0.3888888888888889
8482153,Brendan Brisson,2020.0,29.0,20232024,21.94113620807666,0.32732415,0.5333333333333333
8482155,Alex Laferriere,2020.0,83.0,20232024,21.924709103353866,0.3716104,0.2839506172839506
8482157,Will Cuylle,2020.0,60.0,20232024,21.650924024640656,0.2963768,0.25925925925925924
8482159,Tyson Foerster,2020.0,23.0,20222023,20.700889801505816,0.3671368,0.875
8482165,Yan Kuznetsov,2020.0,50.0,20252026,23.564681724845997,0.17820266,0.21052631578947367
8482166,Shakir Mukhamadullin,2020.0,20.0,20242025,22.72416153319644,0.30937153,0.3
8482172,Landon Slaggert,2020.0,79.0,20232024,21.267624914442163,0.22465844,0.25
8482175,JJ Peterka,2020.0,34.0,20222023,20.711841204654345,0.38176247,0.4155844155844156
8482176,Wyatt Kaiser,2020.0,81.0,20232024,21.169062286105408,0.2475814,0.21875
8482177,Marat Khusnutdinov,2020.0,37.0,20232024,21.207392197125255,0.36120346,0.25
8482178,Ian Moore,2020.0,67.0,20252026,23.73990417522245,0.17184788,0.1791044776119403
8482192,Isaak Phillips,2020.0,141.0,20222023,21.00752908966461,0.22881548,0.3125
8482201,Gage Goncalves,2020.0,62.0,20242025,23.707049965776864,0.32839844,0.3333333333333333
8482222,Alexander Barabanov,,300.0,20202021,26.29158110882957,0.25589406,0.36363636363636365
8482240,Mathias Brome,,300.0,20202021,26.17659137577002,0.39780667,0.07692307692307693
8482245,Artem Zub,,300.0,20202021,24.996577686516083,0.22720563,0.2978723404255319
8482247,Mikko Lehtonen,,300.0,20202021,26.70773442847365,0.3497258,0.23076923076923078
8482451,Mikael Pyyhtia,2020.0,114.0,20232024,21.78781656399726,0.29509172,0.11764705882352941
8482460,Matt Rempe,2020.0,165.0,20232024,21.256673511293634,0.17502405,0.11764705882352941
8482470,Ilya Solovyov,2020.0,205.0,20252026,25.19917864476386,0.21152312,0.26666666666666666
8482475,Egor Chinakhov,2020.0,21.0,20212022,20.66255989048597,0.3776685,0.22580645161290322
8482476,Emil Heineman,2020.0,43.0,20242025,22.874743326488705,0.25315145,0.2903225806451613
8482482,Adam Wilsby,2020.0,101.0,20242025,24.150581793292265,0.20377253,0.21739130434782608
8482496,Nils Aman,2020.0,167.0,20222023,22.647501711156742,0.2503681,0.23529411764705882
8482511,Mason Lohrei,2020.0,58.0,20232024,22.702258726899384,0.24641235,0.3170731707317073
8482516,Matthew Kessel,2020.0,150.0,20232024,23.27173169062286,0.22101426,0.1794871794871795
8477070,Liam O'Brien,,300.0,20212022,27.175906913073238,0.3193504,0.07692307692307693
8477210,Buddy Robinson,,300.0,20212022,30.0041067761807,0.28113326,0.1875
8477887,Patrick Brown,,300.0,20212022,29.34154688569473,0.316212,0.20454545454545456
8479619,Michael Carcone,,300.0,20212022,25.36892539356605,0.28383484,0.2857142857142857
8479941,Justin Danforth,,300.0,20212022,28.54757015742642,0.38910317,0.3111111111111111
8480157,Calle Rosen,,300.0,20212022,27.66050650239562,0.19580235,0.3888888888888889
8481122,Simon Benoit,,300.0,20212022,23.033538672142367,0.14337803,0.09433962264150944
8481147,Reese Johnson,,300.0,20212022,23.227926078028748,0.22852567,0.16216216216216217
8481161,Jake Christiansen,,300.0,20212022,22.053388090349078,0.25764465,0.125
8481461,Corey Schueneman,,300.0,20212022,26.080766598220396,0.1867874,0.25
8482055,Drew O'Connor,,300.0,20212022,23.312799452429843,0.36787936,0.22727272727272727
8482241,Radim Zohorna,,300.0,20212022,25.423682409308693,0.31970844,0.35294117647058826
8482635,Mike Hardman,,300.0,20212022,22.652977412731005,0.2285398,0.09523809523809523
8482655,J.J. Moser,2021.0,60.0,20212022,21.319644079397673,0.33212572,0.3488372093023256
8482659,Josh Doan,2021.0,37.0,20242025,22.663928815879533,0.29979688,0.37254901960784315
8482660,Kent Johnson,2021.0,5.0,20222023,19.953456536618756,0.38896182,0.5063291139240507
8482665,Matty Beniers,2021.0,2.0,20222023,19.904175222450377,0.4492638,0.7125
8482666,Scott Morrow,2021.0,40.0,20252026,22.915811088295687,0.2893575,0.20689655172413793
8482667,William Eklund,2021.0,7.0,20232024,20.969199178644764,0.37657705,0.5625
8482671,Owen Power,2021.0,1.0,20222023,19.857631759069132,0.41516972,0.4430379746835443
8482679,Matt Coronato,2021.0,13.0,20232024,20.878850102669404,0.37402955,0.2647058823529412
8482684,Luke Hughes,2021.0,4.0,20232024,20.060232717316907,0.44959423,0.573170731707317
8482691,Aatu Räty,2021.0,52.0,20222023,19.87953456536619,0.4226299,0.2
8482699,Dylan Guenther,2021.0,9.0,20222023,19.477070499657767,0.40014803,0.45454545454545453
8482700,Nolan Allan,2021.0,32.0,20242025,21.429158110882955,0.19161959,0.18604651162790697
8482702,Logan Stankoven,2021.0,47.0,20232024,20.594113620807665,0.4165021,0.5833333333333334
8482703,Colton Dach,2021.0,62.0,20242025,21.741273100616016,0.278344,0.28
8482705,Cole Sillinger,2021.0,12.0,20212022,18.379192334017795,0.34575045,0.3924050632911392
8482713,Mackie Samoskevich,2021.0,24.0,20242025,21.87816563997262,0.3734489,0.4305555555555556
8482715,Ryan Ufko,2021.0,115.0,20252026,22.403832991101986,0.26993272,0.6111111111111112
8482720,Matthew Knies,2021.0,57.0,20232024,20.955509924709105,0.3012929,0.4375
8482726,Samuel Helenius,2021.0,59.0,20242025,21.848049281314168,0.18914063,0.14
8482730,Brandt Clarke,2021.0,8.0,20232024,20.640657084188913,0.40659288,0.375
8482733,Logan Mailloux,2021.0,31.0,20252026,22.46406570841889,0.23504773,0.19402985074626866
8482737,Zachary Bolduc,2021.0,17.0,20232024,20.59958932238193,0.41313395,0.36
8482740,Wyatt Johnston,2021.0,23.0,20222023,19.38398357289528,0.40839022,0.5
8482742,Zachary L'Heureux,2021.0,27.0,20242025,21.38261464750171,0.35391352,0.24193548387096775
8482745,Mason McTavish,2021.0,3.0,20222023,19.668720054757017,0.4408384,0.5375
8482747,Brennan Othmann,2021.0,16.0,20242025,21.738535249828885,0.36739987,0.09090909090909091
8482749,Joshua Roy,2021.0,150.0,20232024,20.1533196440794,0.39749867,0.391304347826087
8482751,Ryan Winterton,2021.0,67.0,20252026,22.075290896646134,0.32266375,0.2647058823529412
8482758,Ville Koivunen,2021.0,51.0,20252026,22.302532511978097,0.39014882,0.1794871794871795
8482762,Simon Edvinsson,2021.0,6.0,20232024,20.65160848733744,0.30519417,0.125
8482765,Isak Rosen,2021.0,14.0,20252026,22.548939082819988,0.37626648,0.2702702702702703
8482768,Fedor Svechkov,2021.0,19.0,20242025,21.492128678986994,0.36789283,0.3269230769230769
8482775,Oliver Kapanen,2021.0,64.0,20242025,21.177275838466805,0.33991948,0.1111111111111111
8482803,Olen Zellweger,2021.0,34.0,20232024,20.057494866529773,0.37772277,0.34615384615384615
8482807,Ethan Del Mastro,2021.0,105.0,20242025,21.711156741957563,0.26423448,0.25
8482809,Jackson Blake,2021.0,109.0,20242025,21.163586584531142,0.412595,0.425
8482858,Ryker Evans,2021.0,35.0,20232024,21.79876796714579,0.3377709,0.25
8482859,Zack Ostapchuk,2021.0,39.0,20242025,21.34428473648186,0.23731712,0.07142857142857142
8482861,Vincent Iorio,2021.0,55.0,20252026,22.88021902806297,0.1631876,0.1111111111111111
8482874,Jacob Melanson,2021.0,131.0,20252026,22.444900752908968,0.19441463,0.1388888888888889
8482877,Jaroslav Chmelar,2021.0,144.0,20252026,22.20123203285421,0.2114395,0.21428571428571427
8482896,Tyson Kozak,2021.0,193.0,20242025,21.75770020533881,0.24011558,0.23809523809523808
8482911,Joel Nystrom,2021.0,219.0,20252026,23.38398357289528,0.3203041,0.2631578947368421
8482929,Emil Lilleberg,2021.0,107.0,20232024,22.65845311430527,0.20427926,0.13513513513513514
8482947,Zakhar Bardakov,2021.0,203.0,20252026,24.59958932238193,0.2754756,0.16666666666666666
8475968,Alex Belzile,,300.0,20222023,31.085557837097877,0.24947236,0.45161290322580644
8478178,Darren Raddysh,,300.0,20222023,26.590006844626966,0.1857188,0.17647058823529413
8480448,Parker Kelly,,300.0,20222023,23.38398357289528,0.2409195,0.07272727272727272
8480913,Jordan Gross,,300.0,20222023,27.397672826830938,0.35336396,0.2
8482062,Cole Smith,,300.0,20222023,26.926762491444215,0.26315728,0.2463768115942029
8482067,Connor Mackey,,300.0,20222023,26.050650239561943,0.253982,0.23333333333333334
8482641,Matt Kiersted,,300.0,20222023,24.465434633812457,0.2152087,0.2
8482652,Walker Duehr,,300.0,20222023,24.854209445585216,0.19734696,0.4074074074074074
8482824,Nick Cicek,,300.0,20222023,22.340862422997947,0.22991697,0.25
8482964,Arber Xhekaj,,300.0,20222023,21.66735112936345,0.16222443,0.2549019607843137
8483424,Owen Beck,2022.0,33.0,20252026,21.659137577002053,0.32562408,0.06666666666666667
8483425,Lian Bichsel,2022.0,18.0,20242025,20.372347707049965,0.19547825,0.23684210526315788
8483431,Logan Cooley,2022.0,3.0,20232024,19.408624229979466,0.52711016,0.5365853658536586
8483432,Luca Del Bel Belluz,2022.0,44.0,20242025,20.892539356605067,0.2961107,0.5333333333333333
8483445,Cutter Gauthier,2022.0,5.0,20242025,20.700889801505816,0.43020344,0.5365853658536586
8483447,Conor Geekie,2022.0,11.0,20242025,20.407939767282684,0.4173838,0.2692307692307692
8483448,Isaiah George,2022.0,98.0,20242025,20.62696783025325,0.14854966,0.15151515151515152
8483450,Ryan Greene,2022.0,57.0,20252026,21.946611909650922,0.31263563,0.35802469135802467
8483455,Isaac Howard,2022.0,31.0,20252026,21.505817932922657,0.39685023,0.1724137931034483
8483457,Lane Hutson,2022.0,62.0,20242025,20.629705681040384,0.4205551,0.8048780487804879
8483460,David Jiricek,2022.0,6.0,20232024,19.84120465434634,0.37491098,0.23255813953488372
8483464,Marco Kasper,2022.0,8.0,20242025,20.48186173853525,0.2914207,0.4805194805194805
8483465,Joakim Kemell,2022.0,17.0,20252026,21.429158110882955,0.36779794,0.1875
8483466,Kevin Korchinski,2022.0,7.0,20232024,19.277207392197127,0.42327836,0.19736842105263158
8483468,Jiri Kulich,2022.0,28.0,20242025,20.465434633812457,0.34567383,0.3870967741935484
8483471,Brad Lambert,2022.0,30.0,20252026,21.78507871321013,0.3376885,0.24
8483472,Maveric Lamoureux,2022.0,29.0,20242025,20.71731690622861,0.22910579,0.2
8483476,Jonathan Lekkerimaki,2022.0,15.0,20242025,20.188911704312115,0.45148128,0.25
8483485,Denton Mateychuk,2022.0,12.0,20242025,20.2217659137577,0.4165203,0.28888888888888886
8483487,Rutger McGroarty,2022.0,14.0,20252026,21.505817932922657,0.37134987,0.25
8483489,Fraser Minten,2022.0,38.0,20242025,20.240930869267626,0.29244614,0.23809523809523808
8483490,Pavel Mintyukov,2022.0,10.0,20232024,19.849418206707735,0.320871,0.4444444444444444
8483491,Ivan Miroshnichenko,2022.0,20.0,20242025,20.657084188911703,0.33067778,0.2222222222222222
8483493,Frank Nazar,2022.0,13.0,20242025,20.71457905544148,0.38104838,0.49056603773584906
8483495,Simon Nemec,2022.0,2.0,20232024,19.6249144421629,0.33972704,0.31666666666666665
8483497,Jani Nyman,2022.0,49.0,20252026,21.17180013689254,0.3007646,0.25
8483499,Liam Ohgren,2022.0,19.0,20242025,20.67624914442163,0.3974841,0.20833333333333334
8483500,Noah Ostlund,2022.0,16.0,20252026,21.557837097878167,0.3939168,0.45
8483503,Owen Pickering,2022.0,21.0,20242025,20.67898699520876,0.23424514,0.12
8483505,Matthew Poitras,2022.0,54.0,20232024,19.55920602327173,0.40058032,0.45454545454545453
8483506,Sam Rinzel,2022.0,25.0,20252026,21.267624914442163,0.2959054,0.25925925925925924
8483510,Elias Salomonsson,2022.0,55.0,20252026,21.084188911704313,0.32415852,0.15625
8483512,Matt Savoie,2022.0,9.0,20252026,21.749486652977414,0.39242482,0.45121951219512196
8483513,Reid Schaefer,2022.0,32.0,20252026,22.028747433264886,0.3187698,0.1702127659574468
8483515,Juraj Slafkovský,2022.0,1.0,20232024,19.50444900752909,0.76396805,0.6097560975609756
8483516,Jimmy Snuggerud,2022.0,23.0,20252026,21.333333333333332,0.38733774,0.7285714285714285
8483524,Shane Wright,2022.0,4.0,20242025,20.739219712525667,0.37403786,0.5569620253164557
8483525,Danila Yurov,2022.0,24.0,20252026,21.776865160848732,0.37864983,0.3698630136986301
8483565,Nick Blankenburg,,300.0,20222023,24.38877481177276,0.24966583,0.3888888888888889
8483570,Ben Meyers,,300.0,20222023,23.876796714579054,0.34483394,0.10256410256410256
8483619,Filip Roos,,300.0,20222023,23.737166324435318,0.13751787,0.17647058823529413
8483620,Marcus Bjork,,300.0,20222023,24.851471594798085,0.18543431,0.3333333333333333
8483676,Stephen Halliday,2022.0,104.0,20252026,23.249828884325805,0.29410478,0.36666666666666664
8483678,Elias Pettersson,2022.0,80.0,20242025,20.62422997946612,0.29834673,0.10714285714285714
8483686,Adam Engstrom,2022.0,92.0,20252026,21.872689938398356,0.24642588,0.06666666666666667
8483690,Noah Laba,2022.0,111.0,20252026,22.16016427104723,0.28739992,0.32432432432432434
8483731,Alex Bump,2022.0,133.0,20252026,21.864476386036962,0.31763387,0.5294117647058824
8483733,Nikita Grebenkin,2022.0,135.0,20252026,22.417522245037645,0.26954544,0.2545454545454545
8483752,Dominic James,2022.0,173.0,20252026,23.247091033538673,0.2740071,0.3488372093023256
8483756,Jared Wright,2022.0,169.0,20252026,22.858316221765914,0.22032733,0.17391304347826086
8483768,Victor Mancini,2022.0,159.0,20242025,22.351813826146476,0.14014825,0.25806451612903225
8483771,Sandis Vilmanis,2022.0,157.0,20252026,21.689253935660506,0.24417734,0.2631578947368421
8483808,Andrei Kuzmenko,,300.0,20222023,26.65571526351814,0.41018975,0.9135802469135802
8477541,Dakota Mermis,,300.0,20232024,29.73579739904175,0.17843112,0.1702127659574468
8479638,Justin Brazeau,,300.0,20232024,25.659137577002053,0.24322893,0.3684210526315789
8480084,Nick DeSimone,,300.0,20232024,28.859685147159478,0.25942102,0.20588235294117646
8480468,James Hamblin,,300.0,20232024,24.42984257357974,0.25503406,0.0967741935483871
8481167,Brayden Pachal,,300.0,20232024,24.10677618069815,0.1477756,0.14
8481178,Egor Zamula,,300.0,20232024,23.50444900752909,0.21799764,0.3181818181818182
8481237,Kyle MacLean,,300.0,20232024,24.424366872005475,0.21501978,0.28125
8481422,Jake Lucchini,,300.0,20232024,28.396988364134156,0.35571876,0.125
8481789,Tye Kartye,,300.0,20232024,22.420260095824776,0.30754566,0.2597402597402597
8482070,Mitchell Chaffee,,300.0,20232024,25.678302532511978,0.33852702,0.23333333333333334
8482259,Bobby McMann,,300.0,20232024,27.293634496919918,0.3306192,0.42857142857142855
8482624,Daniil Miromanov,,300.0,20232024,26.223134839151268,0.24113595,0.2916666666666667
8484142,Denver Barkey,2023.0,95.0,20252026,20.42984257357974,0.4085998,0.3953488372093023
8484144,Connor Bedard,2023.0,1.0,20232024,18.206707734428473,0.84976155,0.8970588235294118
8484145,Zach Benson,2023.0,13.0,20232024,18.38740588637919,0.44013017,0.4225352112676056
8484149,Gavin Brindley,2023.0,34.0,20252026,20.98836413415469,0.28136447,0.23214285714285715
8484150,Hunter Brzustewicz,2023.0,75.0,20252026,20.83778234086242,0.25049427,0.20588235294117646
8484153,Leo Carlsson,2023.0,2.0,20232024,18.76249144421629,0.49192613,0.5272727272727272
8484158,Easton Cowan,2023.0,28.0,20252026,20.366872005475702,0.3996977,0.4393939393939394
8484160,Nate Danielson,2023.0,9.0,20252026,21.010266940451746,0.3128391,0.25
8484164,Dalibor Dvorsky,2023.0,10.0,20252026,20.295687885010267,0.3678118,0.29577464788732394
8484166,Adam Fantilli,2023.0,3.0,20232024,18.967830253251197,0.54347265,0.5510204081632653
8484177,Lenni Hameenaho,2023.0,58.0,20252026,20.89801505817933,0.4042864,0.24242424242424243
8484180,Samuel Honzek,2023.0,16.0,20252026,20.88432580424367,0.27477765,0.2222222222222222
8484185,Nick Lardis,2023.0,67.0,20252026,20.23271731690623,0.4268644,0.36585365853658536
8484186,Ryan Leonard,2023.0,8.0,20252026,20.692676249144423,0.43405673,0.6
8484188,Theo Lindstein,2023.0,29.0,20252026,20.736481861738536,0.23777153,0.23529411764705882
8484197,Oliver Moore,2023.0,19.0,20252026,20.689938398357288,0.3559437,0.37254901960784315
8484210,Gabe Perreault,2023.0,23.0,20252026,20.40246406570842,0.43377554,0.5510204081632653
8484221,Calum Ritchie,2023.0,27.0,20252026,20.692676249144423,0.38743553,0.46153846153846156
8484223,Axel Sandin-Pellikka,2023.0,17.0,20252026,20.55852156057495,0.40613222,0.3088235294117647
8484227,Will Smith,2023.0,4.0,20242025,19.54277891854894,0.5418979,0.6081081081081081
8484230,Otto Stenberg,2023.0,25.0,20252026,20.34223134839151,0.27249417,0.3125
8484240,Tom Willander,2023.0,11.0,20252026,20.640657084188913,0.2978992,0.3
8484241,Matthew Wood,2023.0,15.0,20252026,20.648870636550306,0.3756043,0.4225352112676056
8484258,Sam Malinski,,300.0,20232024,25.180013689253936,0.23747739,0.43478260869565216
8484304,Uvis Balinskis,,300.0,20232024,27.16495550992471,0.2755851,0.11538461538461539
8484314,Jiri Smejkal,,300.0,20232024,26.902121834360027,0.44429109,0.1
8484325,Waltteri Merela,,300.0,20232024,25.23750855578371,0.35174146,0.05263157894736842
8484386,Dmitri Simashev,2023.0,6.0,20252026,20.654346338124572,0.1950156,0.03571428571428571
8484387,Matvei Michkov,2023.0,7.0,20242025,19.811088295687885,0.5378349,0.7875
8484388,Daniil But,2023.0,12.0,20252026,20.62422997946612,0.358591,0.2413793103448276
8484471,Emmitt Finnie,2023.0,201.0,20252026,20.262833675564682,0.39129928,0.36585365853658536
8480825,Patrick Giles,,300.0,20242025,24.744695414099933,0.18077779,0.058823529411764705
8481491,Noah Philp,,300.0,20242025,26.086242299794662,0.4368216,0.13333333333333333
8483553,Marc Gatcomb,,300.0,20242025,25.196440793976727,0.19271517,0.23076923076923078
8483573,Ethen Frank,,300.0,20242025,26.652977412731005,0.2667819,0.2916666666666667
8483609,Adam Klapka,,300.0,20242025,24.046543463381244,0.2369474,0.3225806451612903
8483930,Ivan Ivan,,300.0,20242025,22.116358658453116,0.22995478,0.2
8484136,Max Sasson,,300.0,20242025,24.071184120465436,0.27568793,0.2413793103448276
8484321,Nikolas Matinpalo,,300.0,20242025,25.99041752224504,0.13320838,0.0975609756097561
8484762,Beckett Sennecke,2024.0,3.0,20252026,19.67419575633128,0.46201715,0.7317073170731707
8484768,Zayne Parekh,2024.0,9.0,20252026,19.6249144421629,0.4074538,0.24324324324324326
8484783,Artyom Levshunov,2024.0,2.0,20242025,18.926762491444215,0.38837153,0.3333333333333333
8484798,Zeev Buium,2024.0,12.0,20252026,19.81656399726215,0.4077141,0.34210526315789475
8484800,Berkly Catton,2024.0,8.0,20252026,19.71252566735113,0.4740237,0.25757575757575757
8484801,Macklin Celebrini,2024.0,1.0,20242025,18.302532511978097,0.71929336,0.9
8484806,Sam Dickinson,2024.0,11.0,20252026,19.318275154004105,0.38371694,0.19444444444444445
8484860,Matvei Gridin,2024.0,28.0,20252026,19.586584531143053,0.3764627,0.5405405405405406
8484911,Collin Graf,,300.0,20242025,22.028747433264886,0.40504244,0.3333333333333333
8484929,Juha Jaaska,,300.0,20242025,26.642026009582477,0.2690726,0.2222222222222222
8484958,Maksim Tsyplakov,,300.0,20242025,26.034223134839152,0.4295375,0.45454545454545453
8484976,Jere Innala,,300.0,20242025,26.543463381245722,0.36696073,0.0
8484984,Ivan Demidov,2024.0,5.0,20252026,19.808350444900753,0.46617708,0.7560975609756098
8484994,Igor Chernyshov,2024.0,33.0,20252026,19.835728952772072,0.40784535,0.6785714285714286
